,participant,session,order,start,end,start_hms,end_hms,place,activity,,,participant,session,items_uniq,order,start,end,start_hms,end_hms,type
1,2,reg,116,1944,1984,32M 24S,33M 4S,stove,,,,2,reg,wok,75,1254,1260,20M 54S,21M 0S,wok
2,2,reg,216,2672,2674,44M 32S,44M 34S,stove,,,,2,reg,small,133,2076,2080,34M 36S,34M 40S,small
3,3,reg,32,662,668,11M 2S,11M 8S,stove,,,,2,reg,large,313,4360,4364,1H 12M 40S,1H 12M 44S,medium
4,3,reg,79,1156,1180,19M 16S,19M 40S,stove,,,,3,reg,0,9,62,74,1M 2S,1M 14S,medium
5,4,reg,141,1336,1352,22M 16S,22M 32S,stove,,,,4,reg,0,76,790,792,13M 10S,13M 12S,large
6,5,reg,16,160,168,2M 40S,2M 48S,stove,,,,5,reg,0,16,160,168,2M 40S,2M 48S,medium
7,6,reg,99,1292,1306,21M 32S,21M 46S,stove,,,,6,reg,0,60,852,856,14M 12S,14M 16S,medium
8,6,reg,147,1728,1752,28M 48S,29M 12S,stove,,,,8,reg,0,12,154,160,2M 34S,2M 40S,medium
9,6,reg,152,1830,1832,30M 30S,30M 32S,stove,,,,9,reg,1,55,418,424,6M 58S,7M 4S,medium
10,6,reg,222,2594,2730,43M 14S,45M 30S,sk,,,,9,reg,2,70,506,510,8M 26S,8M 30S,medium
11,8,reg,25,258,1698,4M 18S,28M 18S,stove,,,,10,reg,0,3,24,28,24S,28S,medium
12,8,reg,181,1382,1386,23M 2S,23M 6S,stove,,,,11,reg,0,88,1136,1142,18M 56S,19M 2S,medium
13,9,reg,55,418,424,6M 58S,7M 4S,stove,,,,12,reg,1,21,196,200,3M 16S,3M 20S,medium
14,9,reg,236,1554,1560,25M 54S,26M 0S,stove,,,,12,reg,2,235,2662,2674,44M 22S,44M 34S,medium
15,9,reg,305,2192,2198,36M 32S,36M 38S,stove,,,,13,reg,0,26,192,194,3M 12S,3M 14S,medium
16,9,reg,350,2594,2662,43M 14S,44M 22S,stove,,,,14,reg,1,23,220,224,3M 40S,3M 44S,medium
17,9,reg,441,3246,3250,54M 6S,54M 10S,sk,,,,14,reg,2,447,3704,3726,1H 1M 44S,1H 2M 6S,small
18,9,reg,491,3734,3758,1H 2M 14S,1H 2M 38S,stove,,,,15,reg,0,152,808,812,13M 28S,13M 32S,medium
19,10,reg,71,646,654,10M 46S,10M 54S,stove,,,,17,reg,0,37,410,424,6M 50S,7M 4S,medium
20,10,reg,98,820,856,13M 40S,14M 16S,stove,,,,17,reg,unused_1,38,410,414,6M 50S,6M 54S,medium
21,10,reg,172,1318,1336,21M 58S,22M 16S,stove,,,,17,reg,unused_2,39,410,414,6M 50S,6M 54S,medium
22,10,reg,250,1988,2022,33M 8S,33M 42S,stove,,,,18,reg,0,20,142,144,2M 22S,2M 24S,medium
23,11,reg,101,1226,1232,20M 26S,20M 32S,stove,,,,18,reg,partner,518,2318,2320,38M 38S,38M 40S,medium
24,11,reg,188,1998,2034,33M 18S,33M 54S,stove,,,,19,reg,0,78,450,454,7M 30S,7M 34S,large
25,11,reg,229,2420,2436,40M 20S,40M 36S,co,,,,20,reg,1,252,1904,1912,31M 44S,31M 52S,wok
26,11,reg,260,2706,2722,45M 6S,45M 22S,stove,,,,1,new,1,26,180,184,3M 0S,3M 4S,small
27,12,reg,146,1670,1686,27M 50S,28M 6S,stove,,,,2,new,bowl,15,134,172,2M 14S,2M 52S,wok
28,12,reg,218,2428,2434,40M 28S,40M 34S,stove,,,,2,new,small,206,2746,2750,45M 46S,45M 50S,small
29,12,reg,275,3058,3114,50M 58S,51M 54S,stove,,,,3,new,1,28,744,762,12M 24S,12M 42S,medium
30,12,reg,302,3270,3318,54M 30S,55M 18S,stove,,,,3,new,2,148,1992,2028,33M 12S,33M 48S,medium
31,12,reg,438,4778,4780,1H 19M 38S,1H 19M 40S,stove,,,,4,new,1,136,1500,1506,25M 0S,25M 6S,large
32,13,reg,296,1864,1866,31M 4S,31M 6S,stove,,,,4,new,2,287,2480,2482,41M 20S,41M 22S,medium
33,13,reg,412,2398,2480,39M 58S,41M 20S,stove,,,,5,new,2,53,1698,1702,28M 18S,28M 22S,medium
34,14,reg,49,410,418,6M 50S,6M 58S,stove,,,,5,new,3,54,1718,1722,28M 38S,28M 42S,medium
35,14,reg,164,1284,1296,21M 24S,21M 36S,stove,,,,5,new,1,55,1728,1756,28M 48S,29M 16S,medium
36,14,reg,182,1386,1390,23M 6S,23M 10S,stove,,,,6,new,0,15,490,494,8M 10S,8M 14S,medium
37,14,reg,344,3100,3112,51M 40S,51M 52S,stove,,,,8,new,0,54,548,550,9M 8S,9M 10S,medium
38,14,reg,537,4342,4376,1H 12M 22S,1H 12M 56S,stove,,,,10,new,0,15,96,100,1M 36S,1M 40S,medium
39,15,reg,152,808,812,13M 28S,13M 32S,stove,,,,11,new,0,162,1880,1882,31M 20S,31M 22S,medium
40,17,reg,79,1172,1178,19M 32S,19M 38S,stove,,,,12,new,small_1,254,2908,2918,48M 28S,48M 38S,small
41,18,reg,74,420,424,7M 0S,7M 4S,stove,,,,12,new,small_2,255,2908,2918,48M 28S,48M 38S,small
42,18,reg,122,586,592,9M 46S,9M 52S,stove,,,,12,new,1,257,2910,2952,48M 30S,49M 12S,medium
43,18,reg,244,1172,1192,19M 32S,19M 52S,stove,,,,12,new,2,361,4556,4564,1H 15M 56S,1H 16M 4S,medium
44,18,reg,278,1376,1382,22M 56S,23M 2S,stove,,,,13,new,s,250,1000,1020,16M 40S,17M 0S,small
45,18,reg,355,1698,1706,28M 18S,28M 26S,stove,,,,13,new,1,259,1020,1038,17M 0S,17M 18S,medium
46,18,reg,466,2154,2192,35M 54S,36M 32S,stove,,,,13,new,2,260,1022,1038,17M 2S,17M 18S,medium
47,18,reg,522,2322,2326,38M 42S,38M 46S,stove,,,,14,new,0,106,644,646,10M 44S,10M 46S,medium
48,18,reg,553,2438,2442,40M 38S,40M 42S,stove,,,,15,new,0,61,306,308,5M 6S,5M 8S,medium
49,19,reg,78,450,454,7M 30S,7M 34S,cpB,,,,16,new,0,100,2366,2386,39M 26S,39M 46S,medium
50,19,reg,161,1106,1130,18M 26S,18M 50S,stove,,,,17,new,wok_yellow,1,2,30,2S,30S,wok
51,19,reg,188,1470,1484,24M 30S,24M 44S,stove,,,,17,new,1,3,42,86,42S,1M 26S,medium
52,19,reg,249,1864,1868,31M 4S,31M 8S,stove,,,,17,new,wok_black,10,124,136,2M 4S,2M 16S,wok
53,19,reg,500,4036,4038,1H 7M 16S,1H 7M 18S,stove,,,,19,new,1,130,1124,1134,18M 44S,18M 54S,large
54,20,reg,332,2356,2388,39M 16S,39M 48S,stove,,,,19,new,2,292,2466,2470,41M 6S,41M 10S,small
55,20,reg,358,2462,2466,41M 2S,41M 6S,stove,,,,20,new,1,13,3586,3588,59M 46S,59M 48S,large
56,1,new,79,484,492,8M 4S,8M 12S,stove,,,,20,new,2,21,3602,3604,1H 0M 2S,1H 0M 4S,medium
57,1,new,328,2828,2848,47M 8S,47M 28S,sk,,,,,,,,,,,,
58,2,new,157,2352,2366,39M 12S,39M 26S,stove,,,,,,,,,,,,
59,2,new,188,2572,2580,42M 52S,43M 0S,stove,,,,,,,,,,,,
60,2,new,249,3284,3312,54M 44S,55M 12S,stove,,,,,,,,,,,,
61,2,new,300,3934,3944,1H 5M 34S,1H 5M 44S,stove,,,,,,,,,,,,
62,2,new,425,4876,4890,1H 21M 16S,1H 21M 30S,stove,,,,,,,,,,,,
63,3,new,28,744,762,12M 24S,12M 42S,stove,,,,,,,,,,,,
64,3,new,148,1992,2028,33M 12S,33M 48S,sk,,,,,,,,,,,,
65,3,new,181,2296,2308,38M 16S,38M 28S,stove,,,,,,,,,,,,
66,4,new,187,1858,1886,30M 58S,31M 26S,stove,,,,,,,,,,,,
67,4,new,267,2334,2350,38M 54S,39M 10S,cpB,,,,,,,,,,,,
68,5,new,55,1728,1756,28M 48S,29M 16S,stove,,,,,,,,,,,,
69,6,new,312,4548,4574,1H 15M 48S,1H 16M 14S,stove,,,,,,,,,,,,
70,6,new,351,5196,5198,1H 26M 36S,1H 26M 38S,stove,,,,,,,,,,,,
71,8,new,134,1296,1350,21M 36S,22M 30S,stove,,,,,,,,,,,,
72,8,new,160,1582,1652,26M 22S,27M 32S,table,,,,,,,,,,,,
73,10,new,77,976,1008,16M 16S,16M 48S,stove,,,,,,,,,,,,
74,10,new,217,2244,2280,37M 24S,38M 0S,stove,,,,,,,,,,,,
75,10,new,279,2852,2870,47M 32S,47M 50S,stove,,,,,,,,,,,,
76,10,new,296,3022,3024,50M 22S,50M 24S,stove,,,,,,,,,,,,
77,10,new,338,3364,3368,56M 4S,56M 8S,stove,,,,,,,,,,,,
78,10,new,560,4856,4908,1H 20M 56S,1H 21M 48S,sk,,,,,,,,,,,,
79,11,new,323,2990,2996,49M 50S,49M 56S,co,stove,,,,,,,,,,,
80,11,new,422,3816,3884,1H 3M 36S,1H 4M 44S,stove,,,,,,,,,,,,
81,11,new,484,4396,4430,1H 13M 16S,1H 13M 50S,stove,,,,,,,,,,,,
82,11,new,566,4900,4914,1H 21M 40S,1H 21M 54S,stove,,,,,,,,,,,,
83,12,new,288,3254,3264,54M 14S,54M 24S,stove,,,,,,,,,,,,
84,12,new,348,4270,4406,1H 11M 10S,1H 13M 26S,stove,,,,,,,,,,,,
85,12,new,396,5058,5064,1H 24M 18S,1H 24M 24S,stove,,,,,,,,,,,,
86,12,new,425,5742,5804,1H 35M 42S,1H 36M 44S,stove,,,,,,,,,,,,
87,12,new,437,5960,5976,1H 39M 20S,1H 39M 36S,stove,,,,,,,,,,,,
88,12,new,478,6496,6506,1H 48M 16S,1H 48M 26S,sk,,,,,,,,,,,,
89,12,new,498,6838,6852,1H 53M 58S,1H 54M 12S,stove,,,,,,,,,,,,
90,12,new,547,7350,7360,2H 2M 30S,2H 2M 40S,floor,,,,,,,,,,,,
91,13,new,260,1022,1038,17M 2S,17M 18S,floor,,,,,,,,,,,,
92,13,new,438,1656,1662,27M 36S,27M 42S,stove,,,,,,,,,,,,
93,14,new,134,820,840,13M 40S,14M 0S,stove,,,,,,,,,,,,
94,14,new,196,1400,1402,23M 20S,23M 22S,stove,,,,,,,,,,,,
95,14,new,348,2868,2922,47M 48S,48M 42S,stove,,,,,,,,,,,,
96,15,new,208,1238,1242,20M 38S,20M 42S,stove,,,,,,,,,,,,
97,15,new,260,1596,1608,26M 36S,26M 48S,stove,,,,,,,,,,,,
98,16,new,132,2514,2524,41M 54S,42M 4S,stove,,,,,,,,,,,,
99,16,new,178,2958,2960,49M 18S,49M 20S,stove,,,,,,,,,,,,
100,16,new,246,3588,3598,59M 48S,59M 58S,co,stove,,,,,,,,,,,
101,17,new,16,152,154,2M 32S,2M 34S,stove,,,,,,,,,,,,
102,17,new,285,3628,3630,1H 0M 28S,1H 0M 30S,stove,,,,,,,,,,,,
103,17,new,329,4016,4078,1H 6M 56S,1H 7M 58S,stove,,,,,,,,,,,,
104,17,new,377,4354,4356,1H 12M 34S,1H 12M 36S,stove,,,,,,,,,,,,
105,17,new,444,4772,4780,1H 19M 32S,1H 19M 40S,stove,,,,,,,,,,,,
106,17,new,472,4950,4954,1H 22M 30S,1H 22M 34S,stove,,,,,,,,,,,,
107,17,new,516,5180,5184,1H 26M 20S,1H 26M 24S,stove,,,,,,,,,,,,
108,18,new,47,320,324,5M 20S,5M 24S,cpB,,,,,,,,,,,,
109,19,new,173,1396,1406,23M 16S,23M 26S,stove,,,,,,,,,,,,
110,19,new,210,1662,1692,27M 42S,28M 12S,stove,,,,,,,,,,,,
111,19,new,292,2466,2470,41M 6S,41M 10S,cpB,,,,,,,,,,,,
112,19,new,348,2992,3016,49M 52S,50M 16S,stove,,,,,,,,,,,,
113,20,new,70,3840,3842,1H 4M 0S,1H 4M 2S,stove,,,,,,,,,,,,
114,20,new,164,4472,4474,1H 14M 32S,1H 14M 34S,stove,,,,,,,,,,,,
115,NA,NA,NA,NA,NA,NA,NA,,,,,,,,,,,,,
116,2,reg,75,1254,1260,20M 54S,21M 0S,,,,,,,,,,,,,
117,2,reg,106,1680,1694,28M 0S,28M 14S,,,,,,,,,,,,,
118,2,reg,109,1700,1720,28M 20S,28M 40S,,,,,,,,,,,,,
119,2,reg,133,2076,2080,34M 36S,34M 40S,,,,,,,,,,,,,
120,2,reg,138,2108,2116,35M 8S,35M 16S,,,,,,,,,,,,,
121,2,reg,141,2116,2126,35M 16S,35M 26S,,,,,,,,,,,,,
122,2,reg,145,2144,2152,35M 44S,35M 52S,,,,,,,,,,,,,
123,2,reg,148,2170,2204,36M 10S,36M 44S,,,,,,,,,,,,,
124,2,reg,154,2230,2236,37M 10S,37M 16S,,,,,,,,,,,,,
125,2,reg,160,2268,2274,37M 48S,37M 54S,,,,,,,,,,,,,
126,2,reg,163,2292,2306,38M 12S,38M 26S,,,,,,,,,,,,,
127,2,reg,184,2474,2506,41M 14S,41M 46S,,,,,,,,,,,,,
128,2,reg,190,2516,2542,41M 56S,42M 22S,,,,,,,,,,,,,
129,2,reg,196,2554,2568,42M 34S,42M 48S,,,,,,,,,,,,,
130,2,reg,200,2576,2590,42M 56S,43M 10S,,,,,,,,,,,,,
131,2,reg,211,2618,2630,43M 38S,43M 50S,,,,,,,,,,,,,
132,2,reg,235,2780,2790,46M 20S,46M 30S,,,,,,,,,,,,,
133,2,reg,313,4360,4364,1H 12M 40S,1H 12M 44S,,,,,,,,,,,,,
134,3,reg,9,62,74,1M 2S,1M 14S,,,,,,,,,,,,,
135,3,reg,17,304,306,5M 4S,5M 6S,,,,,,,,,,,,,
136,3,reg,19,448,450,7M 28S,7M 30S,,,,,,,,,,,,,
137,3,reg,22,556,558,9M 16S,9M 18S,,,,,,,,,,,,,
138,3,reg,28,616,618,10M 16S,10M 18S,,,,,,,,,,,,,
139,3,reg,30,634,646,10M 34S,10M 46S,,,,,,,,,,,,,
140,3,reg,39,784,792,13M 4S,13M 12S,,,,,,,,,,,,,
141,3,reg,43,826,842,13M 46S,14M 2S,,,,,,,,,,,,,
142,3,reg,48,880,896,14M 40S,14M 56S,,,,,,,,,,,,,
143,3,reg,52,920,932,15M 20S,15M 32S,,,,,,,,,,,,,
144,3,reg,55,968,978,16M 8S,16M 18S,,,,,,,,,,,,,
145,3,reg,58,986,990,16M 26S,16M 30S,,,,,,,,,,,,,
146,3,reg,61,998,1010,16M 38S,16M 50S,,,,,,,,,,,,,
147,3,reg,67,1048,1054,17M 28S,17M 34S,,,,,,,,,,,,,
148,3,reg,74,1110,1118,18M 30S,18M 38S,,,,,,,,,,,,,
149,3,reg,88,1204,1226,20M 4S,20M 26S,,,,,,,,,,,,,
150,3,reg,91,1234,1258,20M 34S,20M 58S,,,,,,,,,,,,,
151,4,reg,76,790,792,13M 10S,13M 12S,,,,,,,,,,,,,
152,4,reg,93,944,946,15M 44S,15M 46S,,,,,,,,,,,,,
153,4,reg,98,998,1004,16M 38S,16M 44S,,,,,,,,,,,,,
154,4,reg,101,1018,1042,16M 58S,17M 22S,,,,,,,,,,,,,
155,4,reg,111,1072,1076,17M 52S,17M 56S,,,,,,,,,,,,,
156,4,reg,113,1094,1134,18M 14S,18M 54S,,,,,,,,,,,,,
157,4,reg,120,1150,1174,19M 10S,19M 34S,,,,,,,,,,,,,
158,4,reg,124,1192,1262,19M 52S,21M 2S,,,,,,,,,,,,,
159,4,reg,161,1422,1426,23M 42S,23M 46S,,,,,,,,,,,,,
160,5,reg,27,422,726,7M 2S,12M 6S,,,,,,,,,,,,,
161,6,reg,60,852,856,14M 12S,14M 16S,,,,,,,,,,,,,
162,6,reg,72,1054,1056,17M 34S,17M 36S,,,,,,,,,,,,,
163,6,reg,75,1072,1084,17M 52S,18M 4S,,,,,,,,,,,,,
164,6,reg,78,1088,1092,18M 8S,18M 12S,,,,,,,,,,,,,
165,6,reg,82,1100,1108,18M 20S,18M 28S,,,,,,,,,,,,,
166,6,reg,87,1140,1146,19M 0S,19M 6S,,,,,,,,,,,,,
167,6,reg,91,1154,1156,19M 14S,19M 16S,,,,,,,,,,,,,
168,6,reg,93,1198,1240,19M 58S,20M 40S,,,,,,,,,,,,,
169,6,reg,104,1346,1350,22M 26S,22M 30S,,,,,,,,,,,,,
170,6,reg,106,1354,1374,22M 34S,22M 54S,,,,,,,,,,,,,
171,6,reg,111,1394,1396,23M 14S,23M 16S,,,,,,,,,,,,,
172,6,reg,113,1412,1418,23M 32S,23M 38S,,,,,,,,,,,,,
173,6,reg,120,1464,1466,24M 24S,24M 26S,,,,,,,,,,,,,
174,6,reg,127,1520,1534,25M 20S,25M 34S,,,,,,,,,,,,,
175,6,reg,137,1570,1578,26M 10S,26M 18S,,,,,,,,,,,,,
176,6,reg,140,1586,1588,26M 26S,26M 28S,,,,,,,,,,,,,
177,6,reg,146,1648,1666,27M 28S,27M 46S,,,,,,,,,,,,,
178,6,reg,149,1810,1822,30M 10S,30M 22S,,,,,,,,,,,,,
179,6,reg,155,1840,1868,30M 40S,31M 8S,,,,,,,,,,,,,
180,6,reg,163,1910,1932,31M 50S,32M 12S,,,,,,,,,,,,,
181,6,reg,165,1938,1964,32M 18S,32M 44S,,,,,,,,,,,,,
182,6,reg,170,1974,2006,32M 54S,33M 26S,,,,,,,,,,,,,
183,6,reg,174,2022,2024,33M 42S,33M 44S,,,,,,,,,,,,,
184,6,reg,176,2030,2076,33M 50S,34M 36S,,,,,,,,,,,,,
185,6,reg,181,2104,2126,35M 4S,35M 26S,,,,,,,,,,,,,
186,6,reg,184,2148,2226,35M 48S,37M 6S,,,,,,,,,,,,,
187,6,reg,200,2312,2328,38M 32S,38M 48S,,,,,,,,,,,,,
188,6,reg,202,2336,2426,38M 56S,40M 26S,,,,,,,,,,,,,
189,6,reg,215,2552,2570,42M 32S,42M 50S,,,,,,,,,,,,,
190,8,reg,12,154,160,2M 34S,2M 40S,,,,,,,,,,,,,
191,8,reg,23,242,258,4M 2S,4M 18S,,,,,,,,,,,,,
192,8,reg,30,326,346,5M 26S,5M 46S,,,,,,,,,,,,,
193,8,reg,40,416,420,6M 56S,7M 0S,,,,,,,,,,,,,
194,8,reg,46,458,462,7M 38S,7M 42S,,,,,,,,,,,,,
195,8,reg,61,548,552,9M 8S,9M 12S,,,,,,,,,,,,,
196,8,reg,62,554,564,9M 14S,9M 24S,,,,,,,,,,,,,
197,8,reg,68,578,596,9M 38S,9M 56S,,,,,,,,,,,,,
198,8,reg,96,752,766,12M 32S,12M 46S,,,,,,,,,,,,,
199,8,reg,118,916,926,15M 16S,15M 26S,,,,,,,,,,,,,
200,8,reg,130,1024,1036,17M 4S,17M 16S,,,,,,,,,,,,,
201,8,reg,132,1042,1048,17M 22S,17M 28S,,,,,,,,,,,,,
202,8,reg,137,1068,1072,17M 48S,17M 52S,,,,,,,,,,,,,
203,8,reg,152,1180,1210,19M 40S,20M 10S,,,,,,,,,,,,,
204,8,reg,166,1284,1314,21M 24S,21M 54S,,,,,,,,,,,,,
205,8,reg,175,1344,1352,22M 24S,22M 32S,,,,,,,,,,,,,
206,8,reg,207,1640,1690,27M 20S,28M 10S,,,,,,,,,,,,,
207,9,reg,70,506,510,8M 26S,8M 30S,,,,,,,,,,,,,
208,9,reg,76,514,516,8M 34S,8M 36S,,,,,,,,,,,,,
209,9,reg,127,918,920,15M 18S,15M 20S,,,,,,,,,,,,,
210,9,reg,130,964,968,16M 4S,16M 8S,,,,,,,,,,,,,
211,9,reg,141,1018,1026,16M 58S,17M 6S,,,,,,,,,,,,,
212,9,reg,143,1034,1038,17M 14S,17M 18S,,,,,,,,,,,,,
213,9,reg,144,1044,1048,17M 24S,17M 28S,,,,,,,,,,,,,
214,9,reg,162,1136,1210,18M 56S,20M 10S,,,,,,,,,,,,,
215,9,reg,169,1216,1228,20M 16S,20M 28S,,,,,,,,,,,,,
216,9,reg,176,1236,1300,20M 36S,21M 40S,,,,,,,,,,,,,
217,9,reg,180,1302,1314,21M 42S,21M 54S,,,,,,,,,,,,,
218,9,reg,185,1316,1358,21M 56S,22M 38S,,,,,,,,,,,,,
219,9,reg,209,1436,1490,23M 56S,24M 50S,,,,,,,,,,,,,
220,9,reg,226,1504,1530,25M 4S,25M 30S,,,,,,,,,,,,,
221,9,reg,244,1586,1598,26M 26S,26M 38S,,,,,,,,,,,,,
222,9,reg,251,1628,1664,27M 8S,27M 44S,,,,,,,,,,,,,
223,9,reg,254,1700,1708,28M 20S,28M 28S,,,,,,,,,,,,,
224,9,reg,257,1712,1724,28M 32S,28M 44S,,,,,,,,,,,,,
225,9,reg,265,1760,1792,29M 20S,29M 52S,,,,,,,,,,,,,
226,9,reg,272,1826,1868,30M 26S,31M 8S,,,,,,,,,,,,,
227,9,reg,279,1900,1936,31M 40S,32M 16S,,,,,,,,,,,,,
228,9,reg,283,1964,1978,32M 44S,32M 58S,,,,,,,,,,,,,
229,9,reg,288,2008,2030,33M 28S,33M 50S,,,,,,,,,,,,,
230,9,reg,291,2056,2084,34M 16S,34M 44S,,,,,,,,,,,,,
231,9,reg,302,2144,2174,35M 44S,36M 14S,,,,,,,,,,,,,
232,9,reg,310,2216,2242,36M 56S,37M 22S,,,,,,,,,,,,,
233,9,reg,313,2254,2262,37M 34S,37M 42S,,,,,,,,,,,,,
234,9,reg,317,2290,2316,38M 10S,38M 36S,,,,,,,,,,,,,
235,9,reg,321,2344,2358,39M 4S,39M 18S,,,,,,,,,,,,,
236,9,reg,326,2380,2404,39M 40S,40M 4S,,,,,,,,,,,,,
237,9,reg,331,2418,2442,40M 18S,40M 42S,,,,,,,,,,,,,
238,9,reg,336,2454,2458,40M 54S,40M 58S,,,,,,,,,,,,,
239,9,reg,339,2466,2512,41M 6S,41M 52S,,,,,,,,,,,,,
240,9,reg,342,2522,2538,42M 2S,42M 18S,,,,,,,,,,,,,
241,9,reg,345,2570,2588,42M 50S,43M 8S,,,,,,,,,,,,,
242,9,reg,361,2716,2738,45M 16S,45M 38S,,,,,,,,,,,,,
243,9,reg,374,2818,2836,46M 58S,47M 16S,,,,,,,,,,,,,
244,9,reg,385,2860,2876,47M 40S,47M 56S,,,,,,,,,,,,,
245,9,reg,403,2954,2974,49M 14S,49M 34S,,,,,,,,,,,,,
246,9,reg,409,2982,2992,49M 42S,49M 52S,,,,,,,,,,,,,
247,9,reg,417,3054,3084,50M 54S,51M 24S,,,,,,,,,,,,,
248,9,reg,423,3092,3162,51M 32S,52M 42S,,,,,,,,,,,,,
249,9,reg,445,3278,3306,54M 38S,55M 6S,,,,,,,,,,,,,
250,9,reg,475,3534,3562,58M 54S,59M 22S,,,,,,,,,,,,,
251,9,reg,480,3622,3644,1H 0M 22S,1H 0M 44S,,,,,,,,,,,,,
252,10,reg,3,24,28,24S,28S,,,,,,,,,,,,,
253,10,reg,21,150,152,2M 30S,2M 32S,,,,,,,,,,,,,
254,10,reg,27,182,194,3M 2S,3M 14S,,,,,,,,,,,,,
255,10,reg,56,494,496,8M 14S,8M 16S,,,,,,,,,,,,,
256,10,reg,61,540,560,9M 0S,9M 20S,,,,,,,,,,,,,
257,10,reg,66,612,618,10M 12S,10M 18S,,,,,,,,,,,,,
258,10,reg,74,658,674,10M 58S,11M 14S,,,,,,,,,,,,,
259,10,reg,76,684,686,11M 24S,11M 26S,,,,,,,,,,,,,
260,10,reg,78,698,712,11M 38S,11M 52S,,,,,,,,,,,,,
261,10,reg,89,766,784,12M 46S,13M 4S,,,,,,,,,,,,,
262,10,reg,108,908,910,15M 8S,15M 10S,,,,,,,,,,,,,
263,10,reg,118,944,954,15M 44S,15M 54S,,,,,,,,,,,,,
264,10,reg,123,970,982,16M 10S,16M 22S,,,,,,,,,,,,,
265,10,reg,126,986,994,16M 26S,16M 34S,,,,,,,,,,,,,
266,10,reg,138,1058,1082,17M 38S,18M 2S,,,,,,,,,,,,,
267,10,reg,143,1100,1104,18M 20S,18M 24S,,,,,,,,,,,,,
268,10,reg,149,1160,1168,19M 20S,19M 28S,,,,,,,,,,,,,
269,10,reg,158,1230,1246,20M 30S,20M 46S,,,,,,,,,,,,,
270,10,reg,177,1340,1350,22M 20S,22M 30S,,,,,,,,,,,,,
271,10,reg,181,1380,1418,23M 0S,23M 38S,,,,,,,,,,,,,
272,10,reg,188,1460,1490,24M 20S,24M 50S,,,,,,,,,,,,,
273,10,reg,202,1570,1580,26M 10S,26M 20S,,,,,,,,,,,,,
274,10,reg,207,1612,1622,26M 52S,27M 2S,,,,,,,,,,,,,
275,10,reg,212,1648,1684,27M 28S,28M 4S,,,,,,,,,,,,,
276,10,reg,221,1718,1740,28M 38S,29M 0S,,,,,,,,,,,,,
277,10,reg,235,1858,1908,30M 58S,31M 48S,,,,,,,,,,,,,
278,10,reg,245,1952,1982,32M 32S,33M 2S,,,,,,,,,,,,,
279,11,reg,88,1136,1142,18M 56S,19M 2S,,,,,,,,,,,,,
280,11,reg,99,1216,1222,20M 16S,20M 22S,,,,,,,,,,,,,
281,11,reg,104,1234,1254,20M 34S,20M 54S,,,,,,,,,,,,,
282,11,reg,108,1262,1268,21M 2S,21M 8S,,,,,,,,,,,,,
283,11,reg,118,1354,1362,22M 34S,22M 42S,,,,,,,,,,,,,
284,11,reg,125,1436,1452,23M 56S,24M 12S,,,,,,,,,,,,,
285,11,reg,134,1476,1480,24M 36S,24M 40S,,,,,,,,,,,,,
286,11,reg,137,1492,1564,24M 52S,26M 4S,,,,,,,,,,,,,
287,11,reg,142,1592,1620,26M 32S,27M 0S,,,,,,,,,,,,,
288,11,reg,148,1648,1682,27M 28S,28M 2S,,,,,,,,,,,,,
289,11,reg,153,1684,1692,28M 4S,28M 12S,,,,,,,,,,,,,
290,11,reg,158,1710,1740,28M 30S,29M 0S,,,,,,,,,,,,,
291,11,reg,163,1744,1756,29M 4S,29M 16S,,,,,,,,,,,,,
292,11,reg,168,1776,1828,29M 36S,30M 28S,,,,,,,,,,,,,
293,11,reg,173,1846,1882,30M 46S,31M 22S,,,,,,,,,,,,,
294,11,reg,176,1890,1900,31M 30S,31M 40S,,,,,,,,,,,,,
295,11,reg,180,1924,1946,32M 4S,32M 26S,,,,,,,,,,,,,
296,11,reg,184,1954,1978,32M 34S,32M 58S,,,,,,,,,,,,,
297,11,reg,195,2080,2144,34M 40S,35M 44S,,,,,,,,,,,,,
298,11,reg,199,2164,2178,36M 4S,36M 18S,,,,,,,,,,,,,
299,11,reg,204,2196,2204,36M 36S,36M 44S,,,,,,,,,,,,,
300,11,reg,207,2236,2260,37M 16S,37M 40S,,,,,,,,,,,,,
301,11,reg,212,2284,2336,38M 4S,38M 56S,,,,,,,,,,,,,
302,11,reg,215,2350,2384,39M 10S,39M 44S,,,,,,,,,,,,,
303,11,reg,222,2404,2406,40M 4S,40M 6S,,,,,,,,,,,,,
304,11,reg,244,2536,2552,42M 16S,42M 32S,,,,,,,,,,,,,
305,11,reg,253,2608,2650,43M 28S,44M 10S,,,,,,,,,,,,,
306,11,reg,257,2680,2698,44M 40S,44M 58S,,,,,,,,,,,,,
307,11,reg,264,2756,2810,45M 56S,46M 50S,,,,,,,,,,,,,
308,11,reg,270,2840,2856,47M 20S,47M 36S,,,,,,,,,,,,,
309,11,reg,278,2896,2898,48M 16S,48M 18S,,,,,,,,,,,,,
310,11,reg,302,3018,3248,50M 18S,54M 8S,,,,,,,,,,,,,
311,12,reg,21,196,200,3M 16S,3M 20S,,,,,,,,,,,,,
312,12,reg,54,606,608,10M 6S,10M 8S,,,,,,,,,,,,,
313,12,reg,56,644,648,10M 44S,10M 48S,,,,,,,,,,,,,
314,12,reg,62,666,746,11M 6S,12M 26S,,,,,,,,,,,,,
315,12,reg,86,968,980,16M 8S,16M 20S,,,,,,,,,,,,,
316,12,reg,90,1000,1028,16M 40S,17M 8S,,,,,,,,,,,,,
317,12,reg,120,1322,1348,22M 2S,22M 28S,,,,,,,,,,,,,
318,12,reg,197,2242,2260,37M 22S,37M 40S,,,,,,,,,,,,,
319,12,reg,201,2260,2298,37M 40S,38M 18S,,,,,,,,,,,,,
320,12,reg,204,2300,2324,38M 20S,38M 44S,,,,,,,,,,,,,
321,12,reg,223,2488,2494,41M 28S,41M 34S,,,,,,,,,,,,,
322,12,reg,225,2554,2570,42M 34S,42M 50S,,,,,,,,,,,,,
323,12,reg,228,2580,2646,43M 0S,44M 6S,,,,,,,,,,,,,
324,12,reg,233,2652,2658,44M 12S,44M 18S,,,,,,,,,,,,,
325,12,reg,235,2662,2674,44M 22S,44M 34S,,,,,,,,,,,,,
326,12,reg,241,2690,2696,44M 50S,44M 56S,,,,,,,,,,,,,
327,12,reg,257,2878,2882,47M 58S,48M 2S,,,,,,,,,,,,,
328,12,reg,258,2884,2886,48M 4S,48M 6S,,,,,,,,,,,,,
329,12,reg,262,2900,2936,48M 20S,48M 56S,,,,,,,,,,,,,
330,12,reg,269,2948,2972,49M 8S,49M 32S,,,,,,,,,,,,,
331,12,reg,272,3018,3032,50M 18S,50M 32S,,,,,,,,,,,,,
332,12,reg,273,3034,3048,50M 34S,50M 48S,,,,,,,,,,,,,
333,12,reg,278,3118,3170,51M 58S,52M 50S,,,,,,,,,,,,,
334,12,reg,281,3172,3176,52M 52S,52M 56S,,,,,,,,,,,,,
335,12,reg,285,3186,3196,53M 6S,53M 16S,,,,,,,,,,,,,
336,12,reg,290,3208,3212,53M 28S,53M 32S,,,,,,,,,,,,,
337,12,reg,294,3216,3234,53M 36S,53M 54S,,,,,,,,,,,,,
338,12,reg,299,3248,3266,54M 8S,54M 26S,,,,,,,,,,,,,
339,12,reg,308,3324,3434,55M 24S,57M 14S,,,,,,,,,,,,,
340,12,reg,309,3324,3382,55M 24S,56M 22S,,,,,,,,,,,,,
341,12,reg,320,3452,3472,57M 32S,57M 52S,,,,,,,,,,,,,
342,12,reg,327,3514,3524,58M 34S,58M 44S,,,,,,,,,,,,,
343,12,reg,345,3650,3708,1H 0M 50S,1H 1M 48S,,,,,,,,,,,,,
344,12,reg,368,3868,3914,1H 4M 28S,1H 5M 14S,,,,,,,,,,,,,
345,12,reg,372,3920,3952,1H 5M 20S,1H 5M 52S,,,,,,,,,,,,,
346,12,reg,378,3968,3970,1H 6M 8S,1H 6M 10S,,,,,,,,,,,,,
347,12,reg,392,4092,4120,1H 8M 12S,1H 8M 40S,,,,,,,,,,,,,
348,12,reg,394,4122,4126,1H 8M 42S,1H 8M 46S,,,,,,,,,,,,,
349,12,reg,398,4158,4212,1H 9M 18S,1H 10M 12S,,,,,,,,,,,,,
350,12,reg,409,4274,4286,1H 11M 14S,1H 11M 26S,,,,,,,,,,,,,
351,12,reg,412,4292,4328,1H 11M 32S,1H 12M 8S,,,,,,,,,,,,,
352,13,reg,26,192,194,3M 12S,3M 14S,,,,,,,,,,,,,
353,13,reg,278,1800,1810,30M 0S,30M 10S,,,,,,,,,,,,,
354,13,reg,301,1876,1878,31M 16S,31M 18S,,,,,,,,,,,,,
355,13,reg,305,1886,1888,31M 26S,31M 28S,,,,,,,,,,,,,
356,13,reg,314,1930,1958,32M 10S,32M 38S,,,,,,,,,,,,,
357,13,reg,321,1986,2004,33M 6S,33M 24S,,,,,,,,,,,,,
358,13,reg,347,2086,2106,34M 46S,35M 6S,,,,,,,,,,,,,
359,13,reg,359,2146,2156,35M 46S,35M 56S,,,,,,,,,,,,,
360,13,reg,363,2166,2168,36M 6S,36M 8S,,,,,,,,,,,,,
361,13,reg,386,2236,2246,37M 16S,37M 26S,,,,,,,,,,,,,
362,13,reg,388,2250,2252,37M 30S,37M 32S,,,,,,,,,,,,,
363,13,reg,395,2264,2292,37M 44S,38M 12S,,,,,,,,,,,,,
364,13,reg,401,2320,2352,38M 40S,39M 12S,,,,,,,,,,,,,
365,13,reg,419,2488,2508,41M 28S,41M 48S,,,,,,,,,,,,,
366,13,reg,422,2510,2512,41M 50S,41M 52S,,,,,,,,,,,,,
367,14,reg,23,220,224,3M 40S,3M 44S,,,,,,,,,,,,,
368,14,reg,53,426,448,7M 6S,7M 28S,,,,,,,,,,,,,
369,14,reg,75,528,540,8M 48S,9M 0S,,,,,,,,,,,,,
370,14,reg,82,666,690,11M 6S,11M 30S,,,,,,,,,,,,,
371,14,reg,97,760,772,12M 40S,12M 52S,,,,,,,,,,,,,
372,14,reg,106,936,964,15M 36S,16M 4S,,,,,,,,,,,,,
373,14,reg,112,1016,1026,16M 56S,17M 6S,,,,,,,,,,,,,
374,14,reg,115,1030,1042,17M 10S,17M 22S,,,,,,,,,,,,,
375,14,reg,137,1140,1162,19M 0S,19M 22S,,,,,,,,,,,,,
376,14,reg,140,1170,1172,19M 30S,19M 32S,,,,,,,,,,,,,
377,14,reg,143,1172,1202,19M 32S,20M 2S,,,,,,,,,,,,,
378,14,reg,147,1206,1214,20M 6S,20M 14S,,,,,,,,,,,,,
379,14,reg,150,1216,1232,20M 16S,20M 32S,,,,,,,,,,,,,
380,14,reg,154,1248,1252,20M 48S,20M 52S,,,,,,,,,,,,,
381,14,reg,161,1270,1282,21M 10S,21M 22S,,,,,,,,,,,,,
382,14,reg,167,1300,1304,21M 40S,21M 44S,,,,,,,,,,,,,
383,14,reg,171,1306,1346,21M 46S,22M 26S,,,,,,,,,,,,,
384,14,reg,174,1348,1590,22M 28S,26M 30S,,,,,,,,,,,,,
385,14,reg,177,1358,1378,22M 38S,22M 58S,,,,,,,,,,,,,
386,14,reg,195,1622,1626,27M 2S,27M 6S,,,,,,,,,,,,,
387,14,reg,209,1692,1704,28M 12S,28M 24S,,,,,,,,,,,,,
388,14,reg,218,2162,2186,36M 2S,36M 26S,,,,,,,,,,,,,
389,14,reg,227,2256,2262,37M 36S,37M 42S,,,,,,,,,,,,,
390,14,reg,243,2360,2364,39M 20S,39M 24S,,,,,,,,,,,,,
391,14,reg,265,2494,2502,41M 34S,41M 42S,,,,,,,,,,,,,
392,14,reg,283,2568,2576,42M 48S,42M 56S,,,,,,,,,,,,,
393,14,reg,321,2920,2926,48M 40S,48M 46S,,,,,,,,,,,,,
394,14,reg,364,3182,3190,53M 2S,53M 10S,,,,,,,,,,,,,
395,14,reg,373,3240,3244,54M 0S,54M 4S,,,,,,,,,,,,,
396,14,reg,405,3446,3462,57M 26S,57M 42S,,,,,,,,,,,,,
397,14,reg,410,3468,3514,57M 48S,58M 34S,,,,,,,,,,,,,
398,14,reg,447,3704,3726,1H 1M 44S,1H 2M 6S,,,,,,,,,,,,,
399,14,reg,457,3758,3786,1H 2M 38S,1H 3M 6S,,,,,,,,,,,,,
400,14,reg,463,3800,3802,1H 3M 20S,1H 3M 22S,,,,,,,,,,,,,
401,14,reg,466,3802,3822,1H 3M 22S,1H 3M 42S,,,,,,,,,,,,,
402,14,reg,497,3998,4020,1H 6M 38S,1H 7M 0S,,,,,,,,,,,,,
403,14,reg,522,4254,4262,1H 10M 54S,1H 11M 2S,,,,,,,,,,,,,
404,14,reg,526,4270,4308,1H 11M 10S,1H 11M 48S,,,,,,,,,,,,,
405,17,reg,37,410,424,6M 50S,7M 4S,,,,,,,,,,,,,
406,17,reg,38,410,414,6M 50S,6M 54S,,,,,,,,,,,,,
407,17,reg,39,410,414,6M 50S,6M 54S,,,,,,,,,,,,,
408,17,reg,45,458,460,7M 38S,7M 40S,,,,,,,,,,,,,
409,17,reg,51,490,496,8M 10S,8M 16S,,,,,,,,,,,,,
410,17,reg,67,962,972,16M 2S,16M 12S,,,,,,,,,,,,,
411,17,reg,77,1162,1166,19M 22S,19M 26S,,,,,,,,,,,,,
412,17,reg,85,1190,1198,19M 50S,19M 58S,,,,,,,,,,,,,
413,17,reg,89,1230,1266,20M 30S,21M 6S,,,,,,,,,,,,,
414,18,reg,20,142,144,2M 22S,2M 24S,,,,,,,,,,,,,
415,18,reg,27,162,192,2M 42S,3M 12S,,,,,,,,,,,,,
416,18,reg,33,186,188,3M 6S,3M 8S,,,,,,,,,,,,,
417,18,reg,47,296,298,4M 56S,4M 58S,,,,,,,,,,,,,
418,18,reg,50,300,310,5M 0S,5M 10S,,,,,,,,,,,,,
419,18,reg,66,384,390,6M 24S,6M 30S,,,,,,,,,,,,,
420,18,reg,80,426,440,7M 6S,7M 20S,,,,,,,,,,,,,
421,18,reg,82,452,456,7M 32S,7M 36S,,,,,,,,,,,,,
422,18,reg,85,458,462,7M 38S,7M 42S,,,,,,,,,,,,,
423,18,reg,87,466,470,7M 46S,7M 50S,,,,,,,,,,,,,
424,18,reg,91,468,478,7M 48S,7M 58S,,,,,,,,,,,,,
425,18,reg,102,498,500,8M 18S,8M 20S,,,,,,,,,,,,,
426,18,reg,112,542,548,9M 2S,9M 8S,,,,,,,,,,,,,
427,18,reg,126,622,642,10M 22S,10M 42S,,,,,,,,,,,,,
428,18,reg,130,644,646,10M 44S,10M 46S,,,,,,,,,,,,,
429,18,reg,139,654,658,10M 54S,10M 58S,,,,,,,,,,,,,
430,18,reg,146,672,676,11M 12S,11M 16S,,,,,,,,,,,,,
431,18,reg,148,674,688,11M 14S,11M 28S,,,,,,,,,,,,,
432,18,reg,159,700,702,11M 40S,11M 42S,,,,,,,,,,,,,
433,18,reg,182,738,748,12M 18S,12M 28S,,,,,,,,,,,,,
434,18,reg,192,794,802,13M 14S,13M 22S,,,,,,,,,,,,,
435,18,reg,200,884,886,14M 44S,14M 46S,,,,,,,,,,,,,
436,18,reg,201,886,888,14M 46S,14M 48S,,,,,,,,,,,,,
437,18,reg,206,944,948,15M 44S,15M 48S,,,,,,,,,,,,,
438,18,reg,224,1006,1010,16M 46S,16M 50S,,,,,,,,,,,,,
439,18,reg,226,1018,1020,16M 58S,17M 0S,,,,,,,,,,,,,
440,18,reg,231,1070,1072,17M 50S,17M 52S,,,,,,,,,,,,,
441,18,reg,247,1294,1300,21M 34S,21M 40S,,,,,,,,,,,,,
442,18,reg,251,1308,1310,21M 48S,21M 50S,,,,,,,,,,,,,
443,18,reg,257,1318,1338,21M 58S,22M 18S,,,,,,,,,,,,,
444,18,reg,272,1348,1372,22M 28S,22M 52S,,,,,,,,,,,,,
445,18,reg,281,1386,1404,23M 6S,23M 24S,,,,,,,,,,,,,
446,18,reg,292,1434,1444,23M 54S,24M 4S,,,,,,,,,,,,,
447,18,reg,300,1472,1492,24M 32S,24M 52S,,,,,,,,,,,,,
448,18,reg,311,1524,1574,25M 24S,26M 14S,,,,,,,,,,,,,
449,18,reg,331,1586,1634,26M 26S,27M 14S,,,,,,,,,,,,,
450,18,reg,341,1646,1666,27M 26S,27M 46S,,,,,,,,,,,,,
451,18,reg,348,1682,1696,28M 2S,28M 16S,,,,,,,,,,,,,
452,18,reg,360,1732,1742,28M 52S,29M 2S,,,,,,,,,,,,,
453,18,reg,367,1748,1750,29M 8S,29M 10S,,,,,,,,,,,,,
454,18,reg,371,1752,1766,29M 12S,29M 26S,,,,,,,,,,,,,
455,18,reg,373,1774,1776,29M 34S,29M 36S,,,,,,,,,,,,,
456,18,reg,378,1800,1814,30M 0S,30M 14S,,,,,,,,,,,,,
457,18,reg,396,1848,1858,30M 48S,30M 58S,,,,,,,,,,,,,
458,18,reg,399,1864,1872,31M 4S,31M 12S,,,,,,,,,,,,,
459,18,reg,406,1880,1886,31M 20S,31M 26S,,,,,,,,,,,,,
460,18,reg,408,1890,1904,31M 30S,31M 44S,,,,,,,,,,,,,
461,18,reg,417,1910,1912,31M 50S,31M 52S,,,,,,,,,,,,,
462,18,reg,419,1912,1928,31M 52S,32M 8S,,,,,,,,,,,,,
463,18,reg,440,2066,2082,34M 26S,34M 42S,,,,,,,,,,,,,
464,18,reg,444,2090,2102,34M 50S,35M 2S,,,,,,,,,,,,,
465,18,reg,458,2120,2150,35M 20S,35M 50S,,,,,,,,,,,,,
466,18,reg,487,2242,2244,37M 22S,37M 24S,,,,,,,,,,,,,
467,18,reg,501,2292,2296,38M 12S,38M 16S,,,,,,,,,,,,,
468,18,reg,504,2300,2304,38M 20S,38M 24S,,,,,,,,,,,,,
469,18,reg,510,2308,2310,38M 28S,38M 30S,,,,,,,,,,,,,
470,18,reg,516,2316,2318,38M 36S,38M 38S,,,,,,,,,,,,,
471,18,reg,517,2318,2320,38M 38S,38M 40S,,,,,,,,,,,,,
472,18,reg,518,2318,2320,38M 38S,38M 40S,,,,,,,,,,,,,
473,18,reg,524,2326,2352,38M 46S,39M 12S,,,,,,,,,,,,,
474,18,reg,535,2356,2408,39M 16S,40M 8S,,,,,,,,,,,,,
475,18,reg,538,2358,2406,39M 18S,40M 6S,,,,,,,,,,,,,
476,18,reg,544,2412,2420,40M 12S,40M 20S,,,,,,,,,,,,,
477,18,reg,549,2422,2440,40M 22S,40M 40S,,,,,,,,,,,,,
478,18,reg,559,2472,2506,41M 12S,41M 46S,,,,,,,,,,,,,
479,18,reg,565,2514,2532,41M 54S,42M 12S,,,,,,,,,,,,,
480,18,reg,570,2540,2548,42M 20S,42M 28S,,,,,,,,,,,,,
481,19,reg,82,458,464,7M 38S,7M 44S,,,,,,,,,,,,,
482,19,reg,84,474,480,7M 54S,8M 0S,,,,,,,,,,,,,
483,19,reg,110,760,762,12M 40S,12M 42S,,,,,,,,,,,,,
484,19,reg,115,770,788,12M 50S,13M 8S,,,,,,,,,,,,,
485,19,reg,121,794,796,13M 14S,13M 16S,,,,,,,,,,,,,
486,19,reg,125,804,806,13M 24S,13M 26S,,,,,,,,,,,,,
487,19,reg,139,900,902,15M 0S,15M 2S,,,,,,,,,,,,,
488,19,reg,141,910,914,15M 10S,15M 14S,,,,,,,,,,,,,
489,19,reg,148,928,998,15M 28S,16M 38S,,,,,,,,,,,,,
490,19,reg,151,1004,1014,16M 44S,16M 54S,,,,,,,,,,,,,
491,19,reg,153,1018,1026,16M 58S,17M 6S,,,,,,,,,,,,,
492,19,reg,156,1038,1060,17M 18S,17M 40S,,,,,,,,,,,,,
493,19,reg,159,1092,1100,18M 12S,18M 20S,,,,,,,,,,,,,
494,19,reg,163,1136,1208,18M 56S,20M 8S,,,,,,,,,,,,,
495,19,reg,172,1226,1260,20M 26S,21M 0S,,,,,,,,,,,,,
496,19,reg,177,1274,1288,21M 14S,21M 28S,,,,,,,,,,,,,
497,19,reg,182,1338,1392,22M 18S,23M 12S,,,,,,,,,,,,,
498,19,reg,184,1396,1436,23M 16S,23M 56S,,,,,,,,,,,,,
499,19,reg,186,1446,1464,24M 6S,24M 24S,,,,,,,,,,,,,
500,19,reg,190,1490,1514,24M 50S,25M 14S,,,,,,,,,,,,,
501,19,reg,192,1518,1536,25M 18S,25M 36S,,,,,,,,,,,,,
502,19,reg,206,1560,1580,26M 0S,26M 20S,,,,,,,,,,,,,
503,19,reg,210,1582,1646,26M 22S,27M 26S,,,,,,,,,,,,,
504,19,reg,215,1648,1688,27M 28S,28M 8S,,,,,,,,,,,,,
505,19,reg,226,1706,1740,28M 26S,29M 0S,,,,,,,,,,,,,
506,19,reg,231,1748,1762,29M 8S,29M 22S,,,,,,,,,,,,,
507,19,reg,235,1776,1816,29M 36S,30M 16S,,,,,,,,,,,,,
508,19,reg,239,1818,1830,30M 18S,30M 30S,,,,,,,,,,,,,
509,19,reg,245,1838,1860,30M 38S,31M 0S,,,,,,,,,,,,,
510,19,reg,257,1900,1932,31M 40S,32M 12S,,,,,,,,,,,,,
511,19,reg,266,1950,1950,32M 30S,32M 30S,,,,,,,,,,,,,
512,19,reg,269,1954,1968,32M 34S,32M 48S,,,,,,,,,,,,,
513,19,reg,290,2044,2080,34M 4S,34M 40S,,,,,,,,,,,,,
514,19,reg,315,2180,2198,36M 20S,36M 38S,,,,,,,,,,,,,
515,19,reg,337,2328,2358,38M 48S,39M 18S,,,,,,,,,,,,,
516,19,reg,359,2486,2512,41M 26S,41M 52S,,,,,,,,,,,,,
517,19,reg,370,2558,2566,42M 38S,42M 46S,,,,,,,,,,,,,
518,19,reg,385,2654,2676,44M 14S,44M 36S,,,,,,,,,,,,,
519,19,reg,395,2768,2832,46M 8S,47M 12S,,,,,,,,,,,,,
520,19,reg,439,3218,3236,53M 38S,53M 56S,,,,,,,,,,,,,
521,20,reg,252,1904,1912,31M 44S,31M 52S,,,,,,,,,,,,,
522,20,reg,307,2212,2214,36M 52S,36M 54S,,,,,,,,,,,,,
523,20,reg,311,2218,2224,36M 58S,37M 4S,,,,,,,,,,,,,
524,20,reg,315,2228,2232,37M 8S,37M 12S,,,,,,,,,,,,,
525,20,reg,318,2242,2264,37M 22S,37M 44S,,,,,,,,,,,,,
526,20,reg,325,2280,2338,38M 0S,38M 58S,,,,,,,,,,,,,
527,20,reg,345,2418,2424,40M 18S,40M 24S,,,,,,,,,,,,,
528,20,reg,350,2430,2434,40M 30S,40M 34S,,,,,,,,,,,,,
529,20,reg,352,2438,2448,40M 38S,40M 48S,,,,,,,,,,,,,
530,20,reg,364,2472,2474,41M 12S,41M 14S,,,,,,,,,,,,,
531,20,reg,507,3408,3414,56M 48S,56M 54S,,,,,,,,,,,,,
532,20,reg,512,3418,3420,56M 58S,57M 0S,,,,,,,,,,,,,
533,20,reg,516,3424,3468,57M 4S,57M 48S,,,,,,,,,,,,,
534,20,reg,521,3480,3518,58M 0S,58M 38S,,,,,,,,,,,,,
535,20,reg,524,3524,3526,58M 44S,58M 46S,,,,,,,,,,,,,
536,20,reg,526,3526,3528,58M 46S,58M 48S,,,,,,,,,,,,,
537,1,new,26,180,184,3M 0S,3M 4S,,,,,,,,,,,,,
538,1,new,33,204,238,3M 24S,3M 58S,,,,,,,,,,,,,
539,1,new,37,254,258,4M 14S,4M 18S,,,,,,,,,,,,,
540,1,new,57,334,340,5M 34S,5M 40S,,,,,,,,,,,,,
541,1,new,64,368,370,6M 8S,6M 10S,,,,,,,,,,,,,
542,1,new,67,374,384,6M 14S,6M 24S,,,,,,,,,,,,,
543,1,new,88,542,548,9M 2S,9M 8S,,,,,,,,,,,,,
544,1,new,93,562,564,9M 22S,9M 24S,,,,,,,,,,,,,
545,1,new,97,572,574,9M 32S,9M 34S,,,,,,,,,,,,,
546,1,new,296,2182,2208,36M 22S,36M 48S,,,,,,,,,,,,,
547,2,new,15,134,172,2M 14S,2M 52S,,,,,,,,,,,,,
548,2,new,35,350,360,5M 50S,6M 0S,,,,,,,,,,,,,
549,2,new,83,950,954,15M 50S,15M 54S,,,,,,,,,,,,,
550,2,new,142,2240,2262,37M 20S,37M 42S,,,,,,,,,,,,,
551,2,new,147,2280,2290,38M 0S,38M 10S,,,,,,,,,,,,,
552,2,new,153,2310,2320,38M 30S,38M 40S,,,,,,,,,,,,,
553,2,new,155,2334,2340,38M 54S,39M 0S,,,,,,,,,,,,,
554,2,new,169,2410,2432,40M 10S,40M 32S,,,,,,,,,,,,,
555,2,new,174,2434,2456,40M 34S,40M 56S,,,,,,,,,,,,,
556,2,new,178,2462,2500,41M 2S,41M 40S,,,,,,,,,,,,,
557,2,new,183,2524,2546,42M 4S,42M 26S,,,,,,,,,,,,,
558,2,new,193,2622,2644,43M 42S,44M 4S,,,,,,,,,,,,,
559,2,new,203,2686,2690,44M 46S,44M 50S,,,,,,,,,,,,,
560,2,new,206,2746,2750,45M 46S,45M 50S,,,,,,,,,,,,,
561,2,new,209,2784,2788,46M 24S,46M 28S,,,,,,,,,,,,,
562,2,new,210,2838,2850,47M 18S,47M 30S,,,,,,,,,,,,,
563,2,new,214,2856,2880,47M 36S,48M 0S,,,,,,,,,,,,,
564,2,new,217,2892,2896,48M 12S,48M 16S,,,,,,,,,,,,,
565,2,new,218,2908,2918,48M 28S,48M 38S,,,,,,,,,,,,,
566,2,new,219,2928,2936,48M 48S,48M 56S,,,,,,,,,,,,,
567,2,new,220,2936,2950,48M 56S,49M 10S,,,,,,,,,,,,,
568,2,new,222,2960,2968,49M 20S,49M 28S,,,,,,,,,,,,,
569,2,new,224,2972,3000,49M 32S,50M 0S,,,,,,,,,,,,,
570,2,new,230,3060,3090,51M 0S,51M 30S,,,,,,,,,,,,,
571,2,new,235,3134,3136,52M 14S,52M 16S,,,,,,,,,,,,,
572,2,new,242,3244,3254,54M 4S,54M 14S,,,,,,,,,,,,,
573,2,new,258,3594,3612,59M 54S,1H 0M 12S,,,,,,,,,,,,,
574,2,new,261,3678,3702,1H 1M 18S,1H 1M 42S,,,,,,,,,,,,,
575,2,new,264,3770,3774,1H 2M 50S,1H 2M 54S,,,,,,,,,,,,,
576,2,new,279,3840,3846,1H 4M 0S,1H 4M 6S,,,,,,,,,,,,,
577,2,new,281,3852,3854,1H 4M 12S,1H 4M 14S,,,,,,,,,,,,,
578,2,new,282,3864,3866,1H 4M 24S,1H 4M 26S,,,,,,,,,,,,,
579,2,new,294,3900,3908,1H 5M 0S,1H 5M 8S,,,,,,,,,,,,,
580,2,new,310,3986,4060,1H 6M 26S,1H 7M 40S,,,,,,,,,,,,,
581,2,new,329,4160,4182,1H 9M 20S,1H 9M 42S,,,,,,,,,,,,,
582,2,new,342,4234,4272,1H 10M 34S,1H 11M 12S,,,,,,,,,,,,,
583,2,new,353,4336,4354,1H 12M 16S,1H 12M 34S,,,,,,,,,,,,,
584,2,new,360,4376,4388,1H 12M 56S,1H 13M 8S,,,,,,,,,,,,,
585,2,new,364,4428,4454,1H 13M 48S,1H 14M 14S,,,,,,,,,,,,,
586,2,new,370,4472,4490,1H 14M 32S,1H 14M 50S,,,,,,,,,,,,,
587,2,new,377,4512,4528,1H 15M 12S,1H 15M 28S,,,,,,,,,,,,,
588,2,new,392,4606,4618,1H 16M 46S,1H 16M 58S,,,,,,,,,,,,,
589,2,new,394,4636,4654,1H 17M 16S,1H 17M 34S,,,,,,,,,,,,,
590,2,new,398,4660,4662,1H 17M 40S,1H 17M 42S,,,,,,,,,,,,,
591,3,new,36,796,802,13M 16S,13M 22S,,,,,,,,,,,,,
592,3,new,44,894,896,14M 54S,14M 56S,,,,,,,,,,,,,
593,3,new,49,988,990,16M 28S,16M 30S,,,,,,,,,,,,,
594,3,new,53,1042,1044,17M 22S,17M 24S,,,,,,,,,,,,,
595,3,new,55,1052,1056,17M 32S,17M 36S,,,,,,,,,,,,,
596,3,new,57,1068,1074,17M 48S,17M 54S,,,,,,,,,,,,,
597,3,new,62,1102,1106,18M 22S,18M 26S,,,,,,,,,,,,,
598,3,new,68,1142,1152,19M 2S,19M 12S,,,,,,,,,,,,,
599,3,new,89,1314,1332,21M 54S,22M 12S,,,,,,,,,,,,,
600,3,new,96,1434,1434,23M 54S,23M 54S,,,,,,,,,,,,,
601,3,new,103,1558,1568,25M 58S,26M 8S,,,,,,,,,,,,,
602,3,new,108,1610,1612,26M 50S,26M 52S,,,,,,,,,,,,,
603,3,new,147,1980,1982,33M 0S,33M 2S,,,,,,,,,,,,,
604,3,new,154,2034,2046,33M 54S,34M 6S,,,,,,,,,,,,,
605,3,new,157,2074,2130,34M 34S,35M 30S,,,,,,,,,,,,,
606,3,new,169,2182,2184,36M 22S,36M 24S,,,,,,,,,,,,,
607,3,new,177,2234,2248,37M 14S,37M 28S,,,,,,,,,,,,,
608,3,new,178,2250,2274,37M 30S,37M 54S,,,,,,,,,,,,,
609,3,new,182,2308,2316,38M 28S,38M 36S,,,,,,,,,,,,,
610,3,new,187,2340,2346,39M 0S,39M 6S,,,,,,,,,,,,,
611,3,new,188,2350,2362,39M 10S,39M 22S,,,,,,,,,,,,,
612,3,new,194,2384,2388,39M 44S,39M 48S,,,,,,,,,,,,,
613,3,new,196,2394,2430,39M 54S,40M 30S,,,,,,,,,,,,,
614,4,new,136,1500,1506,25M 0S,25M 6S,,,,,,,,,,,,,
615,4,new,149,1574,1580,26M 14S,26M 20S,,,,,,,,,,,,,
616,4,new,153,1596,1602,26M 36S,26M 42S,,,,,,,,,,,,,
617,4,new,160,1654,1664,27M 34S,27M 44S,,,,,,,,,,,,,
618,4,new,167,1738,1766,28M 58S,29M 26S,,,,,,,,,,,,,
619,4,new,173,1788,1798,29M 48S,29M 58S,,,,,,,,,,,,,
620,4,new,182,1844,1846,30M 44S,30M 46S,,,,,,,,,,,,,
621,4,new,193,1918,1982,31M 58S,33M 2S,,,,,,,,,,,,,
622,4,new,201,2010,2034,33M 30S,33M 54S,,,,,,,,,,,,,
623,4,new,264,2328,2332,38M 48S,38M 52S,,,,,,,,,,,,,
624,4,new,287,2480,2482,41M 20S,41M 22S,,,,,,,,,,,,,
625,4,new,317,2738,2742,45M 38S,45M 42S,,,,,,,,,,,,,
626,5,new,53,1698,1702,28M 18S,28M 22S,,,,,,,,,,,,,
627,5,new,54,1718,1722,28M 38S,28M 42S,,,,,,,,,,,,,
628,5,new,70,2130,2138,35M 30S,35M 38S,,,,,,,,,,,,,
629,5,new,82,2284,2288,38M 4S,38M 8S,,,,,,,,,,,,,
630,5,new,103,2648,2652,44M 8S,44M 12S,,,,,,,,,,,,,
631,5,new,113,2778,2782,46M 18S,46M 22S,,,,,,,,,,,,,
632,5,new,127,3546,3550,59M 6S,59M 10S,,,,,,,,,,,,,
633,5,new,189,5358,5378,1H 29M 18S,1H 29M 38S,,,,,,,,,,,,,
634,5,new,194,5380,5390,1H 29M 40S,1H 29M 50S,,,,,,,,,,,,,
635,6,new,15,490,494,8M 10S,8M 14S,,,,,,,,,,,,,
636,6,new,269,3992,3994,1H 6M 32S,1H 6M 34S,,,,,,,,,,,,,
637,6,new,302,4334,4338,1H 12M 14S,1H 12M 18S,,,,,,,,,,,,,
638,6,new,307,4378,4392,1H 12M 58S,1H 13M 12S,,,,,,,,,,,,,
639,6,new,310,4456,4482,1H 14M 16S,1H 14M 42S,,,,,,,,,,,,,
640,6,new,311,4496,4530,1H 14M 56S,1H 15M 30S,,,,,,,,,,,,,
641,6,new,314,4620,4796,1H 17M 0S,1H 19M 56S,,,,,,,,,,,,,
642,6,new,316,4808,5430,1H 20M 8S,1H 30M 30S,,,,,,,,,,,,,
643,6,new,333,5036,5038,1H 23M 56S,1H 23M 58S,,,,,,,,,,,,,
644,8,new,54,548,550,9M 8S,9M 10S,,,,,,,,,,,,,
645,8,new,103,978,984,16M 18S,16M 24S,,,,,,,,,,,,,
646,8,new,105,986,992,16M 26S,16M 32S,,,,,,,,,,,,,
647,8,new,119,1056,1082,17M 36S,18M 2S,,,,,,,,,,,,,
648,8,new,122,1092,1106,18M 12S,18M 26S,,,,,,,,,,,,,
649,8,new,125,1154,1156,19M 14S,19M 16S,,,,,,,,,,,,,
650,8,new,127,1178,1230,19M 38S,20M 30S,,,,,,,,,,,,,
651,8,new,130,1266,1286,21M 6S,21M 26S,,,,,,,,,,,,,
652,8,new,137,1364,1392,22M 44S,23M 12S,,,,,,,,,,,,,
653,8,new,139,1402,1414,23M 22S,23M 34S,,,,,,,,,,,,,
654,8,new,149,1452,1478,24M 12S,24M 38S,,,,,,,,,,,,,
655,8,new,157,1526,1576,25M 26S,26M 16S,,,,,,,,,,,,,
656,8,new,165,1664,1668,27M 44S,27M 48S,,,,,,,,,,,,,
657,8,new,172,1734,1740,28M 54S,29M 0S,,,,,,,,,,,,,
658,8,new,176,1792,1794,29M 52S,29M 54S,,,,,,,,,,,,,
659,8,new,179,1840,1884,30M 40S,31M 24S,,,,,,,,,,,,,
660,8,new,183,1932,1948,32M 12S,32M 28S,,,,,,,,,,,,,
661,8,new,188,2008,2032,33M 28S,33M 52S,,,,,,,,,,,,,
662,10,new,15,96,100,1M 36S,1M 40S,,,,,,,,,,,,,
663,10,new,22,188,190,3M 8S,3M 10S,,,,,,,,,,,,,
664,10,new,43,478,494,7M 58S,8M 14S,,,,,,,,,,,,,
665,10,new,48,604,614,10M 4S,10M 14S,,,,,,,,,,,,,
666,10,new,57,694,700,11M 34S,11M 40S,,,,,,,,,,,,,
667,10,new,64,726,744,12M 6S,12M 24S,,,,,,,,,,,,,
668,10,new,68,846,884,14M 6S,14M 44S,,,,,,,,,,,,,
669,10,new,92,1130,1150,18M 50S,19M 10S,,,,,,,,,,,,,
670,10,new,97,1160,1172,19M 20S,19M 32S,,,,,,,,,,,,,
671,10,new,121,1274,1286,21M 14S,21M 26S,,,,,,,,,,,,,
672,10,new,146,1590,1602,26M 30S,26M 42S,,,,,,,,,,,,,
673,10,new,150,1616,1620,26M 56S,27M 0S,,,,,,,,,,,,,
674,10,new,161,1694,1720,28M 14S,28M 40S,,,,,,,,,,,,,
675,10,new,175,1782,1800,29M 42S,30M 0S,,,,,,,,,,,,,
676,10,new,190,1912,1940,31M 52S,32M 20S,,,,,,,,,,,,,
677,10,new,202,2140,2178,35M 40S,36M 18S,,,,,,,,,,,,,
678,10,new,226,2304,2338,38M 24S,38M 58S,,,,,,,,,,,,,
679,10,new,234,2458,2466,40M 58S,41M 6S,,,,,,,,,,,,,
680,10,new,239,2472,2498,41M 12S,41M 38S,,,,,,,,,,,,,
681,10,new,251,2630,2680,43M 50S,44M 40S,,,,,,,,,,,,,
682,10,new,262,2752,2758,45M 52S,45M 58S,,,,,,,,,,,,,
683,10,new,265,2764,2770,46M 4S,46M 10S,,,,,,,,,,,,,
684,10,new,274,2814,2844,46M 54S,47M 24S,,,,,,,,,,,,,
685,10,new,283,2904,2932,48M 24S,48M 52S,,,,,,,,,,,,,
686,10,new,287,2948,2956,49M 8S,49M 16S,,,,,,,,,,,,,
687,10,new,290,2980,2984,49M 40S,49M 44S,,,,,,,,,,,,,
688,10,new,293,2990,3000,49M 50S,50M 0S,,,,,,,,,,,,,
689,10,new,301,3056,3060,50M 56S,51M 0S,,,,,,,,,,,,,
690,10,new,304,3070,3082,51M 10S,51M 22S,,,,,,,,,,,,,
691,10,new,307,3104,3110,51M 44S,51M 50S,,,,,,,,,,,,,
692,10,new,309,3154,3172,52M 34S,52M 52S,,,,,,,,,,,,,
693,10,new,314,3194,3224,53M 14S,53M 44S,,,,,,,,,,,,,
694,10,new,319,3242,3250,54M 2S,54M 10S,,,,,,,,,,,,,
695,10,new,323,3280,3288,54M 40S,54M 48S,,,,,,,,,,,,,
696,10,new,326,3302,3308,55M 2S,55M 8S,,,,,,,,,,,,,
697,10,new,329,3324,3330,55M 24S,55M 30S,,,,,,,,,,,,,
698,10,new,332,3334,3340,55M 34S,55M 40S,,,,,,,,,,,,,
699,10,new,335,3344,3360,55M 44S,56M 0S,,,,,,,,,,,,,
700,10,new,344,3396,3412,56M 36S,56M 52S,,,,,,,,,,,,,
701,10,new,347,3420,3434,57M 0S,57M 14S,,,,,,,,,,,,,
702,10,new,354,3466,3472,57M 46S,57M 52S,,,,,,,,,,,,,
703,10,new,357,3492,3502,58M 12S,58M 22S,,,,,,,,,,,,,
704,10,new,360,3522,3544,58M 42S,59M 4S,,,,,,,,,,,,,
705,10,new,363,3556,3674,59M 16S,1H 1M 14S,,,,,,,,,,,,,
706,10,new,385,3716,3718,1H 1M 56S,1H 1M 58S,,,,,,,,,,,,,
707,11,new,162,1880,1882,31M 20S,31M 22S,,,,,,,,,,,,,
708,11,new,332,3038,3062,50M 38S,51M 2S,,,,,,,,,,,,,
709,11,new,336,3074,3076,51M 14S,51M 16S,,,,,,,,,,,,,
710,11,new,351,3374,3398,56M 14S,56M 38S,,,,,,,,,,,,,
711,11,new,360,3448,3456,57M 28S,57M 36S,,,,,,,,,,,,,
712,11,new,369,3478,3488,57M 58S,58M 8S,,,,,,,,,,,,,
713,11,new,385,3562,3580,59M 22S,59M 40S,,,,,,,,,,,,,
714,11,new,398,3706,3714,1H 1M 46S,1H 1M 54S,,,,,,,,,,,,,
715,11,new,404,3744,3750,1H 2M 24S,1H 2M 30S,,,,,,,,,,,,,
716,11,new,408,3754,3776,1H 2M 34S,1H 2M 56S,,,,,,,,,,,,,
717,11,new,413,3790,3804,1H 3M 10S,1H 3M 24S,,,,,,,,,,,,,
718,11,new,427,3892,3904,1H 4M 52S,1H 5M 4S,,,,,,,,,,,,,
719,11,new,432,3912,3922,1H 5M 12S,1H 5M 22S,,,,,,,,,,,,,
720,11,new,437,3958,3974,1H 5M 58S,1H 6M 14S,,,,,,,,,,,,,
721,11,new,459,4142,4174,1H 9M 2S,1H 9M 34S,,,,,,,,,,,,,
722,11,new,467,4270,4306,1H 11M 10S,1H 11M 46S,,,,,,,,,,,,,
723,11,new,475,4326,4330,1H 12M 6S,1H 12M 10S,,,,,,,,,,,,,
724,11,new,479,4332,4380,1H 12M 12S,1H 13M 0S,,,,,,,,,,,,,
725,11,new,503,4544,4546,1H 15M 44S,1H 15M 46S,,,,,,,,,,,,,
726,11,new,506,4556,4570,1H 15M 56S,1H 16M 10S,,,,,,,,,,,,,
727,11,new,510,4580,4610,1H 16M 20S,1H 16M 50S,,,,,,,,,,,,,
728,11,new,516,4644,4650,1H 17M 24S,1H 17M 30S,,,,,,,,,,,,,
729,11,new,523,4678,4688,1H 17M 58S,1H 18M 8S,,,,,,,,,,,,,
730,11,new,534,4722,4728,1H 18M 42S,1H 18M 48S,,,,,,,,,,,,,
731,11,new,546,4770,4778,1H 19M 30S,1H 19M 38S,,,,,,,,,,,,,
732,11,new,556,4826,4840,1H 20M 26S,1H 20M 40S,,,,,,,,,,,,,
733,11,new,561,4858,4880,1H 20M 58S,1H 21M 20S,,,,,,,,,,,,,
734,11,new,571,4922,4950,1H 22M 2S,1H 22M 30S,,,,,,,,,,,,,
735,11,new,583,5014,5024,1H 23M 34S,1H 23M 44S,,,,,,,,,,,,,
736,11,new,591,5058,5086,1H 24M 18S,1H 24M 46S,,,,,,,,,,,,,
737,12,new,254,2908,2918,48M 28S,48M 38S,,,,,,,,,,,,,
738,12,new,255,2908,2918,48M 28S,48M 38S,,,,,,,,,,,,,
739,12,new,257,2910,2952,48M 30S,49M 12S,,,,,,,,,,,,,
740,12,new,260,2942,2952,49M 2S,49M 12S,,,,,,,,,,,,,
741,12,new,278,3144,3160,52M 24S,52M 40S,,,,,,,,,,,,,
742,12,new,281,3178,3186,52M 58S,53M 6S,,,,,,,,,,,,,
743,12,new,283,3198,3204,53M 18S,53M 24S,,,,,,,,,,,,,
744,12,new,287,3248,3252,54M 8S,54M 12S,,,,,,,,,,,,,
745,12,new,291,3272,3284,54M 32S,54M 44S,,,,,,,,,,,,,
746,12,new,293,3302,3310,55M 2S,55M 10S,,,,,,,,,,,,,
747,12,new,297,3316,3340,55M 16S,55M 40S,,,,,,,,,,,,,
748,12,new,302,3356,3508,55M 56S,58M 28S,,,,,,,,,,,,,
749,12,new,306,3512,3582,58M 32S,59M 42S,,,,,,,,,,,,,
750,12,new,317,3686,3750,1H 1M 26S,1H 2M 30S,,,,,,,,,,,,,
751,12,new,329,3940,4038,1H 5M 40S,1H 7M 18S,,,,,,,,,,,,,
752,12,new,336,4096,4100,1H 8M 16S,1H 8M 20S,,,,,,,,,,,,,
753,12,new,356,4498,4504,1H 14M 58S,1H 15M 4S,,,,,,,,,,,,,
754,12,new,361,4556,4564,1H 15M 56S,1H 16M 4S,,,,,,,,,,,,,
755,12,new,364,4572,4610,1H 16M 12S,1H 16M 50S,,,,,,,,,,,,,
756,12,new,368,4620,4664,1H 17M 0S,1H 17M 44S,,,,,,,,,,,,,
757,12,new,371,4666,4698,1H 17M 46S,1H 18M 18S,,,,,,,,,,,,,
758,12,new,374,4708,4718,1H 18M 28S,1H 18M 38S,,,,,,,,,,,,,
759,12,new,376,4720,4724,1H 18M 40S,1H 18M 44S,,,,,,,,,,,,,
760,12,new,379,4740,4854,1H 19M 0S,1H 20M 54S,,,,,,,,,,,,,
761,12,new,383,4888,4898,1H 21M 28S,1H 21M 38S,,,,,,,,,,,,,
762,12,new,386,4912,4976,1H 21M 52S,1H 22M 56S,,,,,,,,,,,,,
763,12,new,398,5066,5412,1H 24M 26S,1H 30M 12S,,,,,,,,,,,,,
764,12,new,402,5146,5150,1H 25M 46S,1H 25M 50S,,,,,,,,,,,,,
765,12,new,405,5420,5474,1H 30M 20S,1H 31M 14S,,,,,,,,,,,,,
766,12,new,410,5570,5612,1H 32M 50S,1H 33M 32S,,,,,,,,,,,,,
767,12,new,411,5574,5612,1H 32M 54S,1H 33M 32S,,,,,,,,,,,,,
768,12,new,414,5622,5628,1H 33M 42S,1H 33M 48S,,,,,,,,,,,,,
769,12,new,416,5636,5652,1H 33M 56S,1H 34M 12S,,,,,,,,,,,,,
770,12,new,420,5672,5676,1H 34M 32S,1H 34M 36S,,,,,,,,,,,,,
771,12,new,422,5698,5742,1H 34M 58S,1H 35M 42S,,,,,,,,,,,,,
772,12,new,426,5752,5804,1H 35M 52S,1H 36M 44S,,,,,,,,,,,,,
773,12,new,432,5918,5924,1H 38M 38S,1H 38M 44S,,,,,,,,,,,,,
774,12,new,434,5924,5946,1H 38M 44S,1H 39M 6S,,,,,,,,,,,,,
775,12,new,438,5992,6000,1H 39M 52S,1H 40M 0S,,,,,,,,,,,,,
776,12,new,444,6042,6046,1H 40M 42S,1H 40M 46S,,,,,,,,,,,,,
777,12,new,447,6072,6078,1H 41M 12S,1H 41M 18S,,,,,,,,,,,,,
778,12,new,449,6142,6150,1H 42M 22S,1H 42M 30S,,,,,,,,,,,,,
779,12,new,451,6202,6208,1H 43M 22S,1H 43M 28S,,,,,,,,,,,,,
780,12,new,453,6216,6266,1H 43M 36S,1H 44M 26S,,,,,,,,,,,,,
781,12,new,457,6260,6266,1H 44M 20S,1H 44M 26S,,,,,,,,,,,,,
782,12,new,458,6266,6290,1H 44M 26S,1H 44M 50S,,,,,,,,,,,,,
783,12,new,459,6266,6290,1H 44M 26S,1H 44M 50S,,,,,,,,,,,,,
784,12,new,461,6284,6374,1H 44M 44S,1H 46M 14S,,,,,,,,,,,,,
785,12,new,470,6376,6390,1H 46M 16S,1H 46M 30S,,,,,,,,,,,,,
786,12,new,472,6424,6426,1H 47M 4S,1H 47M 6S,,,,,,,,,,,,,
787,12,new,474,6436,6496,1H 47M 16S,1H 48M 16S,,,,,,,,,,,,,
788,12,new,485,6608,6622,1H 50M 8S,1H 50M 22S,,,,,,,,,,,,,
789,12,new,486,6622,6626,1H 50M 22S,1H 50M 26S,,,,,,,,,,,,,
790,12,new,487,6640,6718,1H 50M 40S,1H 51M 58S,,,,,,,,,,,,,
791,12,new,491,6760,6786,1H 52M 40S,1H 53M 6S,,,,,,,,,,,,,
792,12,new,494,6786,6792,1H 53M 6S,1H 53M 12S,,,,,,,,,,,,,
793,12,new,495,6792,6814,1H 53M 12S,1H 53M 34S,,,,,,,,,,,,,
794,12,new,499,6862,6874,1H 54M 22S,1H 54M 34S,,,,,,,,,,,,,
795,12,new,500,6890,6896,1H 54M 50S,1H 54M 56S,,,,,,,,,,,,,
796,12,new,504,6936,6960,1H 55M 36S,1H 56M 0S,,,,,,,,,,,,,
797,12,new,506,6962,6970,1H 56M 2S,1H 56M 10S,,,,,,,,,,,,,
798,12,new,510,7048,7054,1H 57M 28S,1H 57M 34S,,,,,,,,,,,,,
799,12,new,531,7176,7180,1H 59M 36S,1H 59M 40S,,,,,,,,,,,,,
800,12,new,534,7180,7248,1H 59M 40S,2H 0M 48S,,,,,,,,,,,,,
801,12,new,535,7180,7248,1H 59M 40S,2H 0M 48S,,,,,,,,,,,,,
802,12,new,550,7402,7414,2H 3M 22S,2H 3M 34S,,,,,,,,,,,,,
803,12,new,556,7428,7456,2H 3M 48S,2H 4M 16S,,,,,,,,,,,,,
804,12,new,560,7472,7476,2H 4M 32S,2H 4M 36S,,,,,,,,,,,,,
805,13,new,250,1000,1020,16M 40S,17M 0S,,,,,,,,,,,,,
806,13,new,259,1020,1038,17M 0S,17M 18S,,,,,,,,,,,,,
807,13,new,274,1066,1068,17M 46S,17M 48S,,,,,,,,,,,,,
808,13,new,277,1074,1076,17M 54S,17M 56S,,,,,,,,,,,,,
809,13,new,284,1092,1098,18M 12S,18M 18S,,,,,,,,,,,,,
810,13,new,309,1152,1162,19M 12S,19M 22S,,,,,,,,,,,,,
811,13,new,319,1170,1186,19M 30S,19M 46S,,,,,,,,,,,,,
812,13,new,330,1194,1248,19M 54S,20M 48S,,,,,,,,,,,,,
813,13,new,346,1270,1324,21M 10S,22M 4S,,,,,,,,,,,,,
814,13,new,365,1348,1378,22M 28S,22M 58S,,,,,,,,,,,,,
815,13,new,366,1380,1410,23M 0S,23M 30S,,,,,,,,,,,,,
816,13,new,436,1656,1658,27M 36S,27M 38S,,,,,,,,,,,,,
817,13,new,448,1670,1696,27M 50S,28M 16S,,,,,,,,,,,,,
818,13,new,620,2338,2340,38M 58S,39M 0S,,,,,,,,,,,,,
819,13,new,727,2704,2708,45M 4S,45M 8S,,,,,,,,,,,,,
820,14,new,106,644,646,10M 44S,10M 46S,,,,,,,,,,,,,
821,14,new,109,654,656,10M 54S,10M 56S,,,,,,,,,,,,,
822,14,new,113,666,668,11M 6S,11M 8S,,,,,,,,,,,,,
823,14,new,118,678,722,11M 18S,12M 2S,,,,,,,,,,,,,
824,14,new,128,764,816,12M 44S,13M 36S,,,,,,,,,,,,,
825,14,new,132,814,816,13M 34S,13M 36S,,,,,,,,,,,,,
826,14,new,140,864,900,14M 24S,15M 0S,,,,,,,,,,,,,
827,14,new,146,908,914,15M 8S,15M 14S,,,,,,,,,,,,,
828,14,new,150,922,930,15M 22S,15M 30S,,,,,,,,,,,,,
829,14,new,155,936,1050,15M 36S,17M 30S,,,,,,,,,,,,,
830,14,new,162,1056,1062,17M 36S,17M 42S,,,,,,,,,,,,,
831,14,new,177,1226,1268,20M 26S,21M 8S,,,,,,,,,,,,,
832,14,new,193,1330,1372,22M 10S,22M 52S,,,,,,,,,,,,,
833,14,new,200,1488,1506,24M 48S,25M 6S,,,,,,,,,,,,,
834,14,new,212,1584,1588,26M 24S,26M 28S,,,,,,,,,,,,,
835,14,new,215,1594,1602,26M 34S,26M 42S,,,,,,,,,,,,,
836,14,new,327,2802,2804,46M 42S,46M 44S,,,,,,,,,,,,,
837,14,new,334,2814,2824,46M 54S,47M 4S,,,,,,,,,,,,,
838,14,new,343,2864,2870,47M 44S,47M 50S,,,,,,,,,,,,,
839,14,new,361,2966,2972,49M 26S,49M 32S,,,,,,,,,,,,,
840,15,new,61,306,308,5M 6S,5M 8S,,,,,,,,,,,,,
841,15,new,136,826,828,13M 46S,13M 48S,,,,,,,,,,,,,
842,15,new,159,980,982,16M 20S,16M 22S,,,,,,,,,,,,,
843,15,new,209,1256,1260,20M 56S,21M 0S,,,,,,,,,,,,,
844,15,new,212,1264,1266,21M 4S,21M 6S,,,,,,,,,,,,,
845,15,new,215,1278,1282,21M 18S,21M 22S,,,,,,,,,,,,,
846,15,new,218,1300,1302,21M 40S,21M 42S,,,,,,,,,,,,,
847,15,new,222,1320,1326,22M 0S,22M 6S,,,,,,,,,,,,,
848,15,new,254,1468,1480,24M 28S,24M 40S,,,,,,,,,,,,,
849,15,new,257,1486,1492,24M 46S,24M 52S,,,,,,,,,,,,,
850,15,new,259,1580,1582,26M 20S,26M 22S,,,,,,,,,,,,,
851,15,new,271,1694,1698,28M 14S,28M 18S,,,,,,,,,,,,,
852,15,new,292,1832,1850,30M 32S,30M 50S,,,,,,,,,,,,,
853,15,new,383,2354,2356,39M 14S,39M 16S,,,,,,,,,,,,,
854,15,new,435,2732,2734,45M 32S,45M 34S,,,,,,,,,,,,,
855,16,new,100,2366,2386,39M 26S,39M 46S,,,,,,,,,,,,,
856,16,new,127,2496,2504,41M 36S,41M 44S,,,,,,,,,,,,,
857,16,new,136,2530,2540,42M 10S,42M 20S,,,,,,,,,,,,,
858,16,new,137,2544,2548,42M 24S,42M 28S,,,,,,,,,,,,,
859,16,new,141,2558,2568,42M 38S,42M 48S,,,,,,,,,,,,,
860,16,new,143,2618,2628,43M 38S,43M 48S,,,,,,,,,,,,,
861,16,new,144,2648,2656,44M 8S,44M 16S,,,,,,,,,,,,,
862,16,new,163,2772,2778,46M 12S,46M 18S,,,,,,,,,,,,,
863,16,new,166,2790,2800,46M 30S,46M 40S,,,,,,,,,,,,,
864,16,new,169,2828,2832,47M 8S,47M 12S,,,,,,,,,,,,,
865,16,new,170,2874,2896,47M 54S,48M 16S,,,,,,,,,,,,,
866,16,new,189,2986,2992,49M 46S,49M 52S,,,,,,,,,,,,,
867,16,new,190,2994,2998,49M 54S,49M 58S,,,,,,,,,,,,,
868,16,new,193,3004,3006,50M 4S,50M 6S,,,,,,,,,,,,,
869,16,new,206,3146,3154,52M 26S,52M 34S,,,,,,,,,,,,,
870,16,new,209,3162,3172,52M 42S,52M 52S,,,,,,,,,,,,,
871,16,new,210,3186,3190,53M 6S,53M 10S,,,,,,,,,,,,,
872,16,new,214,3192,3194,53M 12S,53M 14S,,,,,,,,,,,,,
873,16,new,228,3316,3334,55M 16S,55M 34S,,,,,,,,,,,,,
874,16,new,229,3460,3470,57M 40S,57M 50S,,,,,,,,,,,,,
875,16,new,232,3474,3492,57M 54S,58M 12S,,,,,,,,,,,,,
876,16,new,238,3522,3524,58M 42S,58M 44S,,,,,,,,,,,,,
877,16,new,241,3562,3570,59M 22S,59M 30S,,,,,,,,,,,,,
878,16,new,243,3574,3578,59M 34S,59M 38S,,,,,,,,,,,,,
879,16,new,253,3612,3614,1H 0M 12S,1H 0M 14S,,,,,,,,,,,,,
880,16,new,260,3626,3632,1H 0M 26S,1H 0M 32S,,,,,,,,,,,,,
881,16,new,265,3638,3658,1H 0M 38S,1H 0M 58S,,,,,,,,,,,,,
882,17,new,1,2,30,2S,30S,,,,,,,,,,,,,
883,17,new,3,42,86,42S,1M 26S,,,,,,,,,,,,,
884,17,new,8,102,114,1M 42S,1M 54S,,,,,,,,,,,,,
885,17,new,9,114,124,1M 54S,2M 4S,,,,,,,,,,,,,
886,17,new,10,124,136,2M 4S,2M 16S,,,,,,,,,,,,,
887,17,new,14,148,150,2M 28S,2M 30S,,,,,,,,,,,,,
888,17,new,15,150,152,2M 30S,2M 32S,,,,,,,,,,,,,
889,17,new,17,158,162,2M 38S,2M 42S,,,,,,,,,,,,,
890,17,new,18,162,166,2M 42S,2M 46S,,,,,,,,,,,,,
891,17,new,19,166,170,2M 46S,2M 50S,,,,,,,,,,,,,
892,17,new,271,3534,3538,58M 54S,58M 58S,,,,,,,,,,,,,
893,17,new,276,3566,3570,59M 26S,59M 30S,,,,,,,,,,,,,
894,17,new,279,3576,3592,59M 36S,59M 52S,,,,,,,,,,,,,
895,17,new,284,3624,3628,1H 0M 24S,1H 0M 28S,,,,,,,,,,,,,
896,17,new,291,3656,3690,1H 0M 56S,1H 1M 30S,,,,,,,,,,,,,
897,17,new,297,3714,3808,1H 1M 54S,1H 3M 28S,,,,,,,,,,,,,
898,17,new,302,3822,3828,1H 3M 42S,1H 3M 48S,,,,,,,,,,,,,
899,17,new,305,3842,3850,1H 4M 2S,1H 4M 10S,,,,,,,,,,,,,
900,17,new,308,3860,3900,1H 4M 20S,1H 5M 0S,,,,,,,,,,,,,
901,17,new,313,3916,3922,1H 5M 16S,1H 5M 22S,,,,,,,,,,,,,
902,17,new,315,3928,3984,1H 5M 28S,1H 6M 24S,,,,,,,,,,,,,
903,17,new,322,3990,4000,1H 6M 30S,1H 6M 40S,,,,,,,,,,,,,
904,17,new,335,4092,4098,1H 8M 12S,1H 8M 18S,,,,,,,,,,,,,
905,17,new,339,4102,4104,1H 8M 22S,1H 8M 24S,,,,,,,,,,,,,
906,17,new,340,4110,4134,1H 8M 30S,1H 8M 54S,,,,,,,,,,,,,
907,17,new,346,4140,4142,1H 9M 0S,1H 9M 2S,,,,,,,,,,,,,
908,17,new,350,4150,4156,1H 9M 10S,1H 9M 16S,,,,,,,,,,,,,
909,17,new,351,4150,4156,1H 9M 10S,1H 9M 16S,,,,,,,,,,,,,
910,17,new,355,4172,4176,1H 9M 32S,1H 9M 36S,,,,,,,,,,,,,
911,17,new,358,4204,4208,1H 10M 4S,1H 10M 8S,,,,,,,,,,,,,
912,17,new,368,4276,4338,1H 11M 16S,1H 12M 18S,,,,,,,,,,,,,
913,17,new,378,4364,4376,1H 12M 44S,1H 12M 56S,,,,,,,,,,,,,
914,17,new,384,4392,4406,1H 13M 12S,1H 13M 26S,,,,,,,,,,,,,
915,17,new,387,4412,4414,1H 13M 32S,1H 13M 34S,,,,,,,,,,,,,
916,17,new,396,4454,4496,1H 14M 14S,1H 14M 56S,,,,,,,,,,,,,
917,17,new,402,4512,4518,1H 15M 12S,1H 15M 18S,,,,,,,,,,,,,
918,17,new,407,4590,4598,1H 16M 30S,1H 16M 38S,,,,,,,,,,,,,
919,17,new,421,4656,4666,1H 17M 36S,1H 17M 46S,,,,,,,,,,,,,
920,17,new,423,4670,4672,1H 17M 50S,1H 17M 52S,,,,,,,,,,,,,
921,17,new,431,4706,4708,1H 18M 26S,1H 18M 28S,,,,,,,,,,,,,
922,17,new,434,4716,4718,1H 18M 36S,1H 18M 38S,,,,,,,,,,,,,
923,17,new,436,4718,4734,1H 18M 38S,1H 18M 54S,,,,,,,,,,,,,
924,17,new,440,4742,4750,1H 19M 2S,1H 19M 10S,,,,,,,,,,,,,
925,17,new,443,4748,4770,1H 19M 8S,1H 19M 30S,,,,,,,,,,,,,
926,17,new,447,4788,4826,1H 19M 48S,1H 20M 26S,,,,,,,,,,,,,
927,17,new,452,4830,4852,1H 20M 30S,1H 20M 52S,,,,,,,,,,,,,
928,17,new,456,4858,4886,1H 20M 58S,1H 21M 26S,,,,,,,,,,,,,
929,17,new,459,4890,4894,1H 21M 30S,1H 21M 34S,,,,,,,,,,,,,
930,17,new,465,4914,4926,1H 21M 54S,1H 22M 6S,,,,,,,,,,,,,
931,17,new,469,4928,4940,1H 22M 8S,1H 22M 20S,,,,,,,,,,,,,
932,17,new,477,4960,4972,1H 22M 40S,1H 22M 52S,,,,,,,,,,,,,
933,17,new,481,4974,5050,1H 22M 54S,1H 24M 10S,,,,,,,,,,,,,
934,17,new,485,5054,5076,1H 24M 14S,1H 24M 36S,,,,,,,,,,,,,
935,17,new,494,5078,5086,1H 24M 38S,1H 24M 46S,,,,,,,,,,,,,
936,17,new,498,5090,5092,1H 24M 50S,1H 24M 52S,,,,,,,,,,,,,
937,17,new,502,5108,5130,1H 25M 8S,1H 25M 30S,,,,,,,,,,,,,
938,17,new,514,5174,5180,1H 26M 14S,1H 26M 20S,,,,,,,,,,,,,
939,17,new,520,5208,5228,1H 26M 48S,1H 27M 8S,,,,,,,,,,,,,
940,17,new,525,5264,5310,1H 27M 44S,1H 28M 30S,,,,,,,,,,,,,
941,17,new,539,5374,5386,1H 29M 34S,1H 29M 46S,,,,,,,,,,,,,
942,19,new,130,1124,1134,18M 44S,18M 54S,,,,,,,,,,,,,
943,19,new,138,1146,1148,19M 6S,19M 8S,,,,,,,,,,,,,
944,19,new,143,1212,1218,20M 12S,20M 18S,,,,,,,,,,,,,
945,19,new,150,1234,1282,20M 34S,21M 22S,,,,,,,,,,,,,
946,19,new,165,1318,1342,21M 58S,22M 22S,,,,,,,,,,,,,
947,19,new,169,1358,1374,22M 38S,22M 54S,,,,,,,,,,,,,
948,19,new,178,1428,1552,23M 48S,25M 52S,,,,,,,,,,,,,
949,19,new,184,1560,1564,26M 0S,26M 4S,,,,,,,,,,,,,
950,19,new,187,1566,1568,26M 6S,26M 8S,,,,,,,,,,,,,
951,19,new,190,1570,1580,26M 10S,26M 20S,,,,,,,,,,,,,
952,19,new,194,1584,1592,26M 24S,26M 32S,,,,,,,,,,,,,
953,19,new,207,1652,1656,27M 32S,27M 36S,,,,,,,,,,,,,
954,19,new,214,1702,1708,28M 22S,28M 28S,,,,,,,,,,,,,
955,19,new,218,1714,1732,28M 34S,28M 52S,,,,,,,,,,,,,
956,19,new,220,1756,1796,29M 16S,29M 56S,,,,,,,,,,,,,
957,19,new,227,1828,1876,30M 28S,31M 16S,,,,,,,,,,,,,
958,19,new,249,2026,2056,33M 46S,34M 16S,,,,,,,,,,,,,
959,19,new,255,2062,2086,34M 22S,34M 46S,,,,,,,,,,,,,
960,19,new,264,2140,2172,35M 40S,36M 12S,,,,,,,,,,,,,
961,19,new,268,2196,2258,36M 36S,37M 38S,,,,,,,,,,,,,
962,19,new,274,2268,2312,37M 48S,38M 32S,,,,,,,,,,,,,
963,19,new,288,2350,2454,39M 10S,40M 54S,,,,,,,,,,,,,
964,19,new,295,2474,2490,41M 14S,41M 30S,,,,,,,,,,,,,
965,19,new,299,2536,2582,42M 16S,43M 2S,,,,,,,,,,,,,
966,19,new,303,2590,2592,43M 10S,43M 12S,,,,,,,,,,,,,
967,19,new,306,2596,2654,43M 16S,44M 14S,,,,,,,,,,,,,
968,19,new,313,2670,2698,44M 30S,44M 58S,,,,,,,,,,,,,
969,19,new,319,2706,2724,45M 6S,45M 24S,,,,,,,,,,,,,
970,19,new,323,2730,2760,45M 30S,46M 0S,,,,,,,,,,,,,
971,19,new,328,2768,2788,46M 8S,46M 28S,,,,,,,,,,,,,
972,19,new,334,2792,2804,46M 32S,46M 44S,,,,,,,,,,,,,
973,19,new,339,2854,2872,47M 34S,47M 52S,,,,,,,,,,,,,
974,19,new,343,2878,2982,47M 58S,49M 42S,,,,,,,,,,,,,
975,19,new,360,3050,3056,50M 50S,50M 56S,,,,,,,,,,,,,
976,19,new,373,3116,3124,51M 56S,52M 4S,,,,,,,,,,,,,
977,20,new,13,3586,3588,59M 46S,59M 48S,,,,,,,,,,,,,
978,20,new,18,3594,3596,59M 54S,59M 56S,,,,,,,,,,,,,
979,20,new,21,3602,3604,1H 0M 2S,1H 0M 4S,,,,,,,,,,,,,
980,20,new,81,3904,3906,1H 5M 4S,1H 5M 6S,,,,,,,,,,,,,
981,20,new,82,3914,3918,1H 5M 14S,1H 5M 18S,,,,,,,,,,,,,
982,20,new,83,3936,3948,1H 5M 36S,1H 5M 48S,,,,,,,,,,,,,
983,20,new,99,3994,4022,1H 6M 34S,1H 7M 2S,,,,,,,,,,,,,
984,20,new,109,4086,4088,1H 8M 6S,1H 8M 8S,,,,,,,,,,,,,
985,20,new,115,4112,4114,1H 8M 32S,1H 8M 34S,,,,,,,,,,,,,
986,20,new,121,4124,4128,1H 8M 44S,1H 8M 48S,,,,,,,,,,,,,
987,20,new,141,4220,4318,1H 10M 20S,1H 11M 58S,,,,,,,,,,,,,
988,20,new,148,4336,4418,1H 12M 16S,1H 13M 38S,,,,,,,,,,,,,
