,participant,session,order,start,end,start_hms,end_hms,place_1,place_2,activity,comments,,,,,,,
1,1,reg,176,1616,1618,26M 56S,26M 58S,floor,,,"floor, could be the middle of the kitchen too",,,,,,,
2,1,reg,190,1810,1812,30M 10S,30M 12S,floor,,,,,,,,,,
3,2,reg,219,2702,2704,45M 2S,45M 4S,floor,,,,,,,,,,
4,4,reg,68,736,738,12M 16S,12M 18S,cpB,,,,,,,,,,
5,4,reg,84,832,846,13M 52S,14M 6S,cpB,,,,,,,,,,
6,5,reg,93,1662,1664,27M 42S,27M 44S,floor,,,,,,,,,,
7,6,reg,32,378,380,6M 18S,6M 20S,floor,,,,,,,,,,
8,6,reg,208,2486,2488,41M 26S,41M 28S,floor,,,,,,,,,,
9,7,reg,56,670,672,11M 10S,11M 12S,floor,,,,,,,,,,
10,8,reg,56,502,504,8M 22S,8M 24S,floor,,,,,,,,,,
11,8,reg,156,1228,1230,20M 28S,20M 30S,floor,,,,,,,,,,
12,9,reg,192,1372,1374,22M 52S,22M 54S,floor,,,,,,,,,,
13,9,reg,358,2706,2710,45M 6S,45M 10S,co,,,,,,,,,,
14,10,reg,48,352,354,5M 52S,5M 54S,floor,,,,,,,,,,
15,10,reg,242,1948,1950,32M 28S,32M 30S,floor,,,,,,,,,,
16,11,reg,62,806,808,13M 26S,13M 28S,floor,,,,,,,,,,
17,11,reg,128,1458,1460,24M 18S,24M 20S,floor,,,,,,,,,,
18,12,reg,234,2658,2660,44M 18S,44M 20S,cpB,,,,,,,,,,
19,13,reg,8,32,34,32S,34S,co,,,,,,,,,,
20,14,reg,329,2960,2962,49M 20S,49M 22S,co,,,,,,,,,,
21,15,reg,229,1054,1056,17M 34S,17M 36S,sk,,,,,,,,,,
22,15,reg,401,2068,2072,34M 28S,34M 32S,floor,,,,,,,,,,
23,16,reg,164,1120,1122,18M 40S,18M 42S,floor,,,,,,,,,,
24,17,reg,322,3200,3202,53M 20S,53M 22S,floor,,,,,,,,,,
25,17,reg,581,5054,5056,1H 24M 14S,1H 24M 16S,floor,,,,,,,,,,
26,18,reg,119,580,582,9M 40S,9M 42S,floor,,,,,,,,,,
27,19,reg,29,168,176,2M 48S,2M 56S,co,,plastic bag,,,,,,,,
28,19,reg,95,534,536,8M 54S,8M 56S,co,,,,,,,,,,
29,19,reg,145,920,924,15M 20S,15M 24S,co,,,,,,,,,,
30,19,reg,479,3756,3758,1H 2M 36S,1H 2M 38S,co,,,,,,,,,,
31,20,reg,227,1690,1692,28M 10S,28M 12S,floor,,,,,,,,,,
32,20,reg,448,2986,2988,49M 46S,49M 48S,floor,,,,,,,,,,
33,1,new,227,1662,1664,27M 42S,27M 44S,floor,,,,,,,,,,
34,1,new,346,3056,3058,50M 56S,50M 58S,floor,,,,,,,,,,
35,2,new,80,862,866,14M 22S,14M 26S,floor,,,,,,,,,,
36,3,new,113,1636,1638,27M 16S,27M 18S,floor,,,,,,,,,,
37,4,new,62,578,582,9M 38S,9M 42S,cpB,,,,,,,,,,
38,4,new,331,2878,2880,47M 58S,48M 0S,cpB,,,,,,,,,,
39,5,new,80,2280,2282,38M 0S,38M 2S,floor,,,,,,,,,,
40,6,new,23,532,534,8M 52S,8M 54S,floor,,,,,,,,,,
41,7,new,46,1102,1104,18M 22S,18M 24S,floor,,,,,,,,,,
42,8,new,32,322,324,5M 22S,5M 24S,floor,,,,,,,,,,
43,9,new,32,360,366,6M 0S,6M 6S,co,,,,,,,,,,
44,9,new,221,1302,1304,21M 42S,21M 44S,co,,,,,,,,,,
45,9,new,258,1464,1466,24M 24S,24M 26S,floor,,,,,,,,,,
46,9,new,511,4330,4332,1H 12M 10S,1H 12M 12S,floor,,,,,,,,,,
47,10,new,31,224,226,3M 44S,3M 46S,floor,,,,,,,,,,
48,10,new,244,2562,2564,42M 42S,42M 44S,floor,,,,,,,,,,
49,10,new,539,4730,4732,1H 18M 50S,1H 18M 52S,co,,,,,,,,,,
50,10,new,802,6476,6478,1H 47M 56S,1H 47M 58S,floor,,,,,,,,,,
51,11,new,40,460,462,7M 40S,7M 42S,floor,,,,,,,,,,
52,11,new,584,5030,5032,1H 23M 50S,1H 23M 52S,floor,,,,,,,,,,
53,12,new,456,6254,6256,1H 44M 14S,1H 44M 16S,cpB,,,,,,,,,,
54,12,new,521,7112,7114,1H 58M 32S,1H 58M 34S,cpB,,,,,,,,,,
55,13,new,497,1852,1854,30M 52S,30M 54S,floor,,,,,,,,,,
56,14,new,329,2806,2810,46M 46S,46M 50S,floor,,,,,,,,,,
57,15,new,71,392,394,6M 32S,6M 34S,floor,,,,,,,,,,
58,15,new,268,1674,1678,27M 54S,27M 58S,floor,,,,,,,,,,
59,16,new,218,3202,3204,53M 22S,53M 24S,floor,,,,,,,,,,
60,17,new,92,1710,1724,28M 30S,28M 44S,floor,,,,,,,,,,
61,17,new,219,2938,2940,48M 58S,49M 0S,co,,,,,,,,,,
62,18,new,496,2422,2428,40M 22S,40M 28S,floor,,,,,,,,,,
63,18,new,774,4548,4552,1H 15M 48S,1H 15M 52S,floor,,,,,,,,,,
64,19,new,245,2002,2010,33M 22S,33M 30S,floor,,,,,,,,,,
65,19,new,388,3644,3648,1H 0M 44S,1H 0M 48S,floor,,,,,,,,,,
66,20,new,47,3708,3710,1H 1M 48S,1H 1M 50S,floor,,,,,,,,,,
67,NA,NA,NA,NA,NA,NA,NA,,,,,,,,,,,
68,1,reg,29,204,208,3M 24S,3M 28S,,,,,,,,,,,
69,1,reg,56,374,382,6M 14S,6M 22S,,,,,,,,,,,
70,1,reg,60,444,446,7M 24S,7M 26S,,,,,,,,,,,
71,1,reg,77,598,600,9M 58S,10M 0S,,,,,,,,,,,
72,1,reg,105,824,828,13M 44S,13M 48S,,,,,,,,,,,
73,1,reg,110,880,888,14M 40S,14M 48S,,,,,,,,,,,
74,1,reg,153,1324,1328,22M 4S,22M 8S,,,,,,,,,,,
75,1,reg,159,1368,1370,22M 48S,22M 50S,,,,,,,,,,,
76,1,reg,185,1776,1778,29M 36S,29M 38S,,,,,,,,,,,
77,2,reg,39,528,548,8M 48S,9M 8S,,,,,,,,,,,
78,2,reg,42,632,636,10M 32S,10M 36S,,,,,,,,,,,
79,2,reg,43,634,636,10M 34S,10M 36S,,,,,,,,,,,
80,2,reg,50,768,772,12M 48S,12M 52S,,,,,,,,,,,
81,2,reg,120,2000,2004,33M 20S,33M 24S,,,,,,,,,,,
82,2,reg,260,3008,3010,50M 8S,50M 10S,,,,,,,,,,,
83,4,reg,14,64,66,1M 4S,1M 6S,,,,,,,,,,,
84,4,reg,25,130,138,2M 10S,2M 18S,,,,,,,,,,,
85,4,reg,31,150,152,2M 30S,2M 32S,,,,,,,,,,,
86,4,reg,49,290,294,4M 50S,4M 54S,,,,,,,,,,,
87,4,reg,50,292,294,4M 52S,4M 54S,,,,,,,,,,,
88,4,reg,53,334,350,5M 34S,5M 50S,,,,,,,,,,,
89,4,reg,62,536,538,8M 56S,8M 58S,,,,,,,,,,,
90,4,reg,63,566,568,9M 26S,9M 28S,,,,,,,,,,,
91,4,reg,64,722,724,12M 2S,12M 4S,,,,,,,,,,,
92,4,reg,164,1434,1436,23M 54S,23M 56S,,,,,,,,,,,
93,4,reg,262,2082,2086,34M 42S,34M 46S,,,,,,,,,,,
94,4,reg,298,2542,2546,42M 22S,42M 26S,,,,,,,,,,,
95,5,reg,25,214,216,3M 34S,3M 36S,,,,,,,,,,,
96,5,reg,49,996,998,16M 36S,16M 38S,,,,,,,,,,,
97,5,reg,84,1470,1472,24M 30S,24M 32S,,,,,,,,,,,
98,6,reg,31,366,368,6M 6S,6M 8S,,,,,,,,,,,
99,6,reg,34,480,482,8M 0S,8M 2S,,,,,,,,,,,
100,6,reg,35,502,504,8M 22S,8M 24S,,,,,,,,,,,
101,6,reg,40,521,586,8M 41S,9M 46S,,,,,,,,,,,
102,6,reg,43,604,642,10M 4S,10M 42S,,,,,,,,,,,
103,6,reg,54,678,680,11M 18S,11M 20S,,,,,,,,,,,
104,6,reg,57,796,798,13M 16S,13M 18S,,,,,,,,,,,
105,6,reg,67,910,912,15M 10S,15M 12S,,,,,,,,,,,
106,6,reg,117,1456,1458,24M 16S,24M 18S,,,,,,,,,,,
107,6,reg,131,1542,1544,25M 42S,25M 44S,,,,,,,,,,,
108,6,reg,144,1644,1646,27M 24S,27M 26S,,,,,,,,,,,
109,6,reg,161,1906,1908,31M 46S,31M 48S,,,,,,,,,,,
110,6,reg,171,2006,2008,33M 26S,33M 28S,,,,,,,,,,,
111,6,reg,191,2252,2254,37M 32S,37M 34S,,,,,,,,,,,
112,6,reg,216,2572,2574,42M 52S,42M 54S,,,,,,,,,,,
113,7,reg,42,284,286,4M 44S,4M 46S,,,,,,,,,,,
114,7,reg,80,1000,1002,16M 40S,16M 42S,,,,,,,,,,,
115,7,reg,124,4228,4230,1H 10M 28S,1H 10M 30S,,,,,,,,,,,
116,8,reg,5,54,80,54S,1M 20S,,,,,,,,,,,
117,8,reg,9,132,134,2M 12S,2M 14S,,,,,,,,,,,
118,8,reg,11,144,146,2M 24S,2M 26S,,,,,,,,,,,
119,8,reg,15,166,168,2M 46S,2M 48S,,,,,,,,,,,
120,8,reg,48,466,468,7M 46S,7M 48S,,,,,,,,,,,
121,8,reg,90,730,732,12M 10S,12M 12S,,,,,,,,,,,
122,8,reg,105,820,822,13M 40S,13M 42S,,,,,,,,,,,
123,8,reg,113,898,900,14M 58S,15M 0S,,,,,,,,,,,
124,8,reg,119,928,930,15M 28S,15M 30S,,,,,,,,,,,
125,8,reg,141,1110,1112,18M 30S,18M 32S,,,,,,,,,,,
126,9,reg,18,124,126,2M 4S,2M 6S,,,,,,,,,,,
127,9,reg,26,168,248,2M 48S,4M 8S,,,,,,,,,,,
128,9,reg,31,260,262,4M 20S,4M 22S,,,,,,,,,,,
129,9,reg,39,284,286,4M 44S,4M 46S,,,,,,,,,,,
130,9,reg,95,666,668,11M 6S,11M 8S,,,,,,,,,,,
131,9,reg,102,722,724,12M 2S,12M 4S,,,,,,,,,,,
132,9,reg,103,762,764,12M 42S,12M 44S,,,,,,,,,,,
133,9,reg,234,1544,1546,25M 44S,25M 46S,,,,,,,,,,,
134,9,reg,238,1566,1568,26M 6S,26M 8S,,,,,,,,,,,
135,9,reg,354,2668,2682,44M 28S,44M 42S,,,,,,,,,,,
136,9,reg,387,2874,2876,47M 54S,47M 56S,,,,,,,,,,,
137,9,reg,399,2950,2952,49M 10S,49M 12S,,,,,,,,,,,
138,9,reg,405,2978,2980,49M 38S,49M 40S,,,,,,,,,,,
139,9,reg,418,3076,3080,51M 16S,51M 20S,,,,,,,,,,,
140,9,reg,435,3220,3222,53M 40S,53M 42S,,,,,,,,,,,
141,10,reg,26,178,182,2M 58S,3M 2S,,,,,,,,,,,
142,10,reg,33,236,242,3M 56S,4M 2S,,,,,,,,,,,
143,10,reg,42,308,310,5M 8S,5M 10S,,,,,,,,,,,
144,10,reg,44,314,316,5M 14S,5M 16S,,,,,,,,,,,
145,10,reg,46,328,330,5M 28S,5M 30S,,,,,,,,,,,
146,10,reg,62,570,572,9M 30S,9M 32S,,,,,,,,,,,
147,10,reg,70,632,636,10M 32S,10M 36S,,,,,,,,,,,
148,10,reg,85,756,758,12M 36S,12M 38S,,,,,,,,,,,
149,10,reg,104,902,904,15M 2S,15M 4S,,,,,,,,,,,
150,10,reg,112,924,926,15M 24S,15M 26S,,,,,,,,,,,
151,10,reg,174,1338,1340,22M 18S,22M 20S,,,,,,,,,,,
152,10,reg,185,1456,1460,24M 16S,24M 20S,,,,,,,,,,,
153,10,reg,194,1544,1546,25M 44S,25M 46S,,,,,,,,,,,
154,10,reg,199,1568,1570,26M 8S,26M 10S,,,,,,,,,,,
155,10,reg,226,1764,1766,29M 24S,29M 26S,,,,,,,,,,,
156,10,reg,238,1912,1926,31M 52S,32M 6S,,,,,,,,,,,
157,10,reg,239,1914,1922,31M 54S,32M 2S,,,,,,,,,,,
158,11,reg,38,452,454,7M 32S,7M 34S,,,,,,,,,,,
159,11,reg,39,472,474,7M 52S,7M 54S,,,,,,,,,,,
160,11,reg,49,552,554,9M 12S,9M 14S,,,,,,,,,,,
161,11,reg,53,714,716,11M 54S,11M 56S,,,,,,,,,,,
162,11,reg,54,738,740,12M 18S,12M 20S,,,,,,,,,,,
163,11,reg,61,786,788,13M 6S,13M 8S,,,,,,,,,,,
164,11,reg,63,840,842,14M 0S,14M 2S,,,,,,,,,,,
165,11,reg,69,914,916,15M 14S,15M 16S,,,,,,,,,,,
166,11,reg,106,1258,1260,20M 58S,21M 0S,,,,,,,,,,,
167,11,reg,115,1338,1340,22M 18S,22M 20S,,,,,,,,,,,
168,11,reg,116,1352,1354,22M 32S,22M 34S,,,,,,,,,,,
169,11,reg,182,1950,1952,32M 30S,32M 32S,,,,,,,,,,,
170,11,reg,317,3288,3290,54M 48S,54M 50S,,,,,,,,,,,
171,12,reg,51,590,592,9M 50S,9M 52S,,,,,,,,,,,
172,12,reg,53,602,604,10M 2S,10M 4S,,,,,,,,,,,
173,12,reg,110,1198,1200,19M 58S,20M 0S,,,,,,,,,,,
174,12,reg,195,2234,2236,37M 14S,37M 16S,,,,,,,,,,,
175,12,reg,210,2364,2368,39M 24S,39M 28S,,,,,,,,,,,
176,12,reg,226,2572,2574,42M 52S,42M 54S,,,,,,,,,,,
177,12,reg,296,3242,3244,54M 2S,54M 4S,,,,,,,,,,,
178,12,reg,300,3266,3268,54M 26S,54M 28S,,,,,,,,,,,
179,14,reg,199,1630,1632,27M 10S,27M 12S,,,,,,,,,,,
180,14,reg,352,3132,3134,52M 12S,52M 14S,,,,,,,,,,,
181,14,reg,397,3426,3428,57M 6S,57M 8S,,,,,,,,,,,
182,14,reg,507,4108,4110,1H 8M 28S,1H 8M 30S,,,,,,,,,,,
183,15,reg,24,176,178,2M 56S,2M 58S,,,,,,,,,,,
184,15,reg,68,314,316,5M 14S,5M 16S,,,,,,,,,,,
185,15,reg,172,886,888,14M 46S,14M 48S,,,,,,,,,,,
186,15,reg,223,1028,1030,17M 8S,17M 10S,,,,,,,,,,,
187,15,reg,318,1492,1494,24M 52S,24M 54S,,,,,,,,,,,
188,15,reg,328,1626,1628,27M 6S,27M 8S,,,,,,,,,,,
189,15,reg,357,1872,1874,31M 12S,31M 14S,,,,,,,,,,,
190,15,reg,375,1958,1960,32M 38S,32M 40S,,,,,,,,,,,
191,15,reg,389,2024,2026,33M 44S,33M 46S,,,,,,,,,,,
192,15,reg,394,2042,2044,34M 2S,34M 4S,,,,,,,,,,,
193,15,reg,398,2058,2060,34M 18S,34M 20S,,,,,,,,,,,
194,15,reg,442,2268,2270,37M 48S,37M 50S,,,,,,,,,,,
195,15,reg,454,2328,2332,38M 48S,38M 52S,,,,,,,,,,,
196,15,reg,457,2338,2340,38M 58S,39M 0S,,,,,,,,,,,
197,15,reg,487,2698,2700,44M 58S,45M 0S,,,,,,,,,,,
198,15,reg,493,2738,2740,45M 38S,45M 40S,,,,,,,,,,,
199,16,reg,41,276,278,4M 36S,4M 38S,,,,,,,,,,,
200,16,reg,71,484,486,8M 4S,8M 6S,,,,,,,,,,,
201,17,reg,55,576,590,9M 36S,9M 50S,,,,,,,,,,,
202,17,reg,57,604,606,10M 4S,10M 6S,,,,,,,,,,,
203,17,reg,64,636,638,10M 36S,10M 38S,,,,,,,,,,,
204,17,reg,72,1018,1020,16M 58S,17M 0S,,,,,,,,,,,
205,17,reg,81,1186,1188,19M 46S,19M 48S,,,,,,,,,,,
206,17,reg,113,1408,1418,23M 28S,23M 38S,,,,,,,,,,,
207,17,reg,115,1422,1424,23M 42S,23M 44S,,,,,,,,,,,
208,17,reg,173,2224,2232,37M 4S,37M 12S,,,,,,,,,,,
209,17,reg,568,4932,4934,1H 22M 12S,1H 22M 14S,,,,,,,,,,,
210,17,reg,572,4960,4962,1H 22M 40S,1H 22M 42S,,,,,,,,,,,
211,17,reg,586,5088,5092,1H 24M 48S,1H 24M 52S,,,,,,,,,,,
212,17,reg,612,5330,5334,1H 28M 50S,1H 28M 54S,,,,,,,,,,,
213,17,reg,629,5522,5524,1H 32M 2S,1H 32M 4S,,,,,,,,,,,
214,17,reg,631,5528,5530,1H 32M 8S,1H 32M 10S,,,,,,,,,,,
215,17,reg,678,6044,6048,1H 40M 44S,1H 40M 48S,,,,,,,,,,,
216,18,reg,109,538,540,8M 58S,9M 0S,,,,,,,,,,,
217,18,reg,132,644,646,10M 44S,10M 46S,,,,,,,,,,,
218,18,reg,210,958,960,15M 58S,16M 0S,,,,,,,,,,,
219,18,reg,508,2308,2310,38M 28S,38M 30S,,,,,,,,,,,
220,18,reg,532,2354,2356,39M 14S,39M 16S,,,,,,,,,,,
221,19,reg,2,6,8,6S,8S,,,,,,,,,,,
222,19,reg,7,26,54,26S,54S,,,,,,,,,,,
223,19,reg,13,62,90,1M 2S,1M 30S,,,,,,,,,,,
224,19,reg,19,98,116,1M 38S,1M 56S,,,,,,,,,,,
225,19,reg,25,130,164,2M 10S,2M 44S,,,,,,,,,,,
226,19,reg,30,176,178,2M 56S,2M 58S,,,,,,,,,,,
227,19,reg,43,238,240,3M 58S,4M 0S,,,,,,,,,,,
228,19,reg,56,282,284,4M 42S,4M 44S,,,,,,,,,,,
229,19,reg,59,294,296,4M 54S,4M 56S,,,,,,,,,,,
230,19,reg,62,300,302,5M 0S,5M 2S,,,,,,,,,,,
231,19,reg,65,312,314,5M 12S,5M 14S,,,,,,,,,,,
232,19,reg,69,352,354,5M 52S,5M 54S,,,,,,,,,,,
233,19,reg,72,362,364,6M 2S,6M 4S,,,,,,,,,,,
234,19,reg,74,368,382,6M 8S,6M 22S,,,,,,,,,,,
235,19,reg,90,522,524,8M 42S,8M 44S,,,,,,,,,,,
236,19,reg,101,650,652,10M 50S,10M 52S,,,,,,,,,,,
237,19,reg,109,756,758,12M 36S,12M 38S,,,,,,,,,,,
238,19,reg,128,810,812,13M 30S,13M 32S,,,,,,,,,,,
239,19,reg,133,840,842,14M 0S,14M 2S,,,,,,,,,,,
240,19,reg,136,868,870,14M 28S,14M 30S,,,,,,,,,,,
241,19,reg,254,1896,1898,31M 36S,31M 38S,,,,,,,,,,,
242,19,reg,274,1994,1996,33M 14S,33M 16S,,,,,,,,,,,
243,19,reg,281,2006,2010,33M 26S,33M 30S,,,,,,,,,,,
244,19,reg,282,2016,2020,33M 36S,33M 40S,,,,,,,,,,,
245,19,reg,287,2040,2042,34M 0S,34M 2S,,,,,,,,,,,
246,19,reg,412,3062,3064,51M 2S,51M 4S,,,,,,,,,,,
247,19,reg,415,3082,3084,51M 22S,51M 24S,,,,,,,,,,,
248,19,reg,427,3144,3146,52M 24S,52M 26S,,,,,,,,,,,
249,19,reg,462,3572,3574,59M 32S,59M 34S,,,,,,,,,,,
250,19,reg,514,4186,4206,1H 9M 46S,1H 10M 6S,,,,,,,,,,,
251,19,reg,516,4202,4206,1H 10M 2S,1H 10M 6S,,,,,,,,,,,
252,20,reg,35,242,244,4M 2S,4M 4S,,,,,,,,,,,
253,20,reg,135,942,944,15M 42S,15M 44S,,,,,,,,,,,
254,20,reg,142,958,960,15M 58S,16M 0S,,,,,,,,,,,
255,20,reg,230,1702,1704,28M 22S,28M 24S,,,,,,,,,,,
256,20,reg,295,2106,2108,35M 6S,35M 8S,,,,,,,,,,,
257,20,reg,299,2114,2116,35M 14S,35M 16S,,,,,,,,,,,
258,20,reg,347,2426,2428,40M 26S,40M 28S,,,,,,,,,,,
259,20,reg,389,2612,2616,43M 32S,43M 36S,,,,,,,,,,,
260,20,reg,446,2956,2958,49M 16S,49M 18S,,,,,,,,,,,
261,20,reg,502,3376,3378,56M 16S,56M 18S,,,,,,,,,,,
262,1,new,27,186,190,3M 6S,3M 10S,,,,,,,,,,,
263,1,new,193,1394,1396,23M 14S,23M 16S,,,,,,,,,,,
264,1,new,258,1908,1910,31M 48S,31M 50S,,,,,,,,,,,
265,1,new,269,1978,1980,32M 58S,33M 0S,,,,,,,,,,,
266,1,new,271,1982,1984,33M 2S,33M 4S,,,,,,,,,,,
267,1,new,305,2304,2306,38M 24S,38M 26S,,,,,,,,,,,
268,1,new,309,2434,2436,40M 34S,40M 36S,,,,,,,,,,,
269,1,new,313,2646,2648,44M 6S,44M 8S,,,,,,,,,,,
270,1,new,332,2874,2876,47M 54S,47M 56S,,,,,,,,,,,
271,2,new,23,242,246,4M 2S,4M 6S,,,,,,,,,,,
272,2,new,92,1166,1168,19M 26S,19M 28S,,,,,,,,,,,
273,2,new,97,1226,1230,20M 26S,20M 30S,,,,,,,,,,,
274,2,new,113,1698,1702,28M 18S,28M 22S,,,,,,,,,,,
275,2,new,115,1714,1716,28M 34S,28M 36S,,,,,,,,,,,
276,2,new,150,2302,2306,38M 22S,38M 26S,,,,,,,,,,,
277,2,new,166,2406,2408,40M 6S,40M 8S,,,,,,,,,,,
278,2,new,233,3116,3118,51M 56S,51M 58S,,,,,,,,,,,
279,3,new,40,836,840,13M 56S,14M 0S,,,,,,,,,,,
280,3,new,192,2378,2380,39M 38S,39M 40S,,,,,,,,,,,
281,4,new,6,68,72,1M 8S,1M 12S,,,,,,,,,,,
282,4,new,15,118,122,1M 58S,2M 2S,,,,,,,,,,,
283,4,new,21,172,174,2M 52S,2M 54S,,,,,,,,,,,
284,4,new,25,184,186,3M 4S,3M 6S,,,,,,,,,,,
285,4,new,53,488,492,8M 8S,8M 12S,,,,,,,,,,,
286,4,new,70,682,694,11M 22S,11M 34S,,,,,,,,,,,
287,4,new,85,1028,1034,17M 8S,17M 14S,,,,,,,,,,,
288,4,new,86,1094,1098,18M 14S,18M 18S,,,,,,,,,,,
289,4,new,105,1236,1240,20M 36S,20M 40S,,,,,,,,,,,
290,4,new,231,2166,2176,36M 6S,36M 16S,,,,,,,,,,,
291,4,new,250,2226,2232,37M 6S,37M 12S,,,,,,,,,,,
292,4,new,261,2296,2300,38M 16S,38M 20S,,,,,,,,,,,
293,4,new,263,2326,2328,38M 46S,38M 48S,,,,,,,,,,,
294,4,new,322,2780,2784,46M 20S,46M 24S,,,,,,,,,,,
295,4,new,373,3134,3136,52M 14S,52M 16S,,,,,,,,,,,
296,5,new,6,46,48,46S,48S,,,,,,,,,,,
297,5,new,41,1508,1510,25M 8S,25M 10S,,,,,,,,,,,
298,5,new,74,2234,2236,37M 14S,37M 16S,,,,,,,,,,,
299,5,new,132,3726,3728,1H 2M 6S,1H 2M 8S,,,,,,,,,,,
300,5,new,156,4732,4734,1H 18M 52S,1H 18M 54S,,,,,,,,,,,
301,5,new,179,5254,5256,1H 27M 34S,1H 27M 36S,,,,,,,,,,,
302,6,new,61,996,998,16M 36S,16M 38S,,,,,,,,,,,
303,6,new,162,2672,2674,44M 32S,44M 34S,,,,,,,,,,,
304,6,new,183,3018,3020,50M 18S,50M 20S,,,,,,,,,,,
305,6,new,222,3492,3494,58M 12S,58M 14S,,,,,,,,,,,
306,6,new,232,3562,3564,59M 22S,59M 24S,,,,,,,,,,,
307,6,new,242,3748,3750,1H 2M 28S,1H 2M 30S,,,,,,,,,,,
308,7,new,59,1564,1566,26M 4S,26M 6S,,,,,,,,,,,
309,8,new,29,306,308,5M 6S,5M 8S,,,,,,,,,,,
310,8,new,38,352,354,5M 52S,5M 54S,,,,,,,,,,,
311,8,new,41,374,376,6M 14S,6M 16S,,,,,,,,,,,
312,8,new,71,748,750,12M 28S,12M 30S,,,,,,,,,,,
313,9,new,14,200,202,3M 20S,3M 22S,,,,,,,,,,,
314,9,new,15,204,290,3M 24S,4M 50S,,,,,,,,,,,
315,9,new,16,214,216,3M 34S,3M 36S,,,,,,,,,,,
316,9,new,24,302,346,5M 2S,5M 46S,,,,,,,,,,,
317,9,new,51,486,488,8M 6S,8M 8S,,,,,,,,,,,
318,9,new,68,562,566,9M 22S,9M 26S,,,,,,,,,,,
319,9,new,92,660,662,11M 0S,11M 2S,,,,,,,,,,,
320,9,new,105,772,774,12M 52S,12M 54S,,,,,,,,,,,
321,9,new,121,822,824,13M 42S,13M 44S,,,,,,,,,,,
322,9,new,132,876,878,14M 36S,14M 38S,,,,,,,,,,,
323,9,new,135,902,904,15M 2S,15M 4S,,,,,,,,,,,
324,9,new,192,1184,1186,19M 44S,19M 46S,,,,,,,,,,,
325,9,new,195,1204,1206,20M 4S,20M 6S,,,,,,,,,,,
326,9,new,198,1226,1250,20M 26S,20M 50S,,,,,,,,,,,
327,9,new,203,1258,1260,20M 58S,21M 0S,,,,,,,,,,,
328,9,new,215,1284,1286,21M 24S,21M 26S,,,,,,,,,,,
329,9,new,217,1290,1292,21M 30S,21M 32S,,,,,,,,,,,
330,9,new,227,1330,1332,22M 10S,22M 12S,,,,,,,,,,,
331,9,new,229,1338,1340,22M 18S,22M 20S,,,,,,,,,,,
332,9,new,236,1354,1356,22M 34S,22M 36S,,,,,,,,,,,
333,9,new,240,1374,1376,22M 54S,22M 56S,,,,,,,,,,,
334,9,new,276,1580,1582,26M 20S,26M 22S,,,,,,,,,,,
335,9,new,323,1894,1896,31M 34S,31M 36S,,,,,,,,,,,
336,9,new,345,2042,2046,34M 2S,34M 6S,,,,,,,,,,,
337,9,new,351,2138,2140,35M 38S,35M 40S,,,,,,,,,,,
338,9,new,362,2198,2200,36M 38S,36M 40S,,,,,,,,,,,
339,9,new,498,4034,4036,1H 7M 14S,1H 7M 16S,,,,,,,,,,,
340,10,new,12,88,90,1M 28S,1M 30S,,,,,,,,,,,
341,10,new,14,94,96,1M 34S,1M 36S,,,,,,,,,,,
342,10,new,17,110,112,1M 50S,1M 52S,,,,,,,,,,,
343,10,new,18,118,120,1M 58S,2M 0S,,,,,,,,,,,
344,10,new,25,204,206,3M 24S,3M 26S,,,,,,,,,,,
345,10,new,37,348,350,5M 48S,5M 50S,,,,,,,,,,,
346,10,new,50,622,624,10M 22S,10M 24S,,,,,,,,,,,
347,10,new,81,1042,1046,17M 22S,17M 26S,,,,,,,,,,,
348,10,new,83,1060,1074,17M 40S,17M 54S,,,,,,,,,,,
349,10,new,123,1296,1298,21M 36S,21M 38S,,,,,,,,,,,
350,10,new,134,1390,1392,23M 10S,23M 12S,,,,,,,,,,,
351,10,new,137,1412,1434,23M 32S,23M 54S,,,,,,,,,,,
352,10,new,140,1442,1522,24M 2S,25M 22S,,,,,,,,,,,
353,10,new,141,1526,1576,25M 26S,26M 16S,,,,,,,,,,,
354,10,new,151,1622,1624,27M 2S,27M 4S,,,,,,,,,,,
355,10,new,155,1636,1680,27M 16S,28M 0S,,,,,,,,,,,
356,10,new,205,2186,2188,36M 26S,36M 28S,,,,,,,,,,,
357,10,new,249,2620,2622,43M 40S,43M 42S,,,,,,,,,,,
358,10,new,266,2786,2788,46M 26S,46M 28S,,,,,,,,,,,
359,10,new,269,2804,2806,46M 44S,46M 46S,,,,,,,,,,,
360,10,new,448,4144,4146,1H 9M 4S,1H 9M 6S,,,,,,,,,,,
361,10,new,493,4410,4414,1H 13M 30S,1H 13M 34S,,,,,,,,,,,
362,10,new,494,4434,4436,1H 13M 54S,1H 13M 56S,,,,,,,,,,,
363,10,new,497,4448,4450,1H 14M 8S,1H 14M 10S,,,,,,,,,,,
364,10,new,531,4692,4694,1H 18M 12S,1H 18M 14S,,,,,,,,,,,
365,10,new,613,5306,5308,1H 28M 26S,1H 28M 28S,,,,,,,,,,,
366,10,new,644,5484,5486,1H 31M 24S,1H 31M 26S,,,,,,,,,,,
367,10,new,650,5552,5554,1H 32M 32S,1H 32M 34S,,,,,,,,,,,
368,10,new,683,5746,5750,1H 35M 46S,1H 35M 50S,,,,,,,,,,,
369,10,new,719,5948,5978,1H 39M 8S,1H 39M 38S,,,,,,,,,,,
370,10,new,720,5950,5952,1H 39M 10S,1H 39M 12S,,,,,,,,,,,
371,10,new,775,6292,6294,1H 44M 52S,1H 44M 54S,,,,,,,,,,,
372,10,new,816,6544,6546,1H 49M 4S,1H 49M 6S,,,,,,,,,,,
373,11,new,17,232,234,3M 52S,3M 54S,,,,,,,,,,,
374,11,new,21,254,256,4M 14S,4M 16S,,,,,,,,,,,
375,11,new,26,278,280,4M 38S,4M 40S,,,,,,,,,,,
376,11,new,32,312,314,5M 12S,5M 14S,,,,,,,,,,,
377,11,new,33,330,332,5M 30S,5M 32S,,,,,,,,,,,
378,11,new,34,340,342,5M 40S,5M 42S,,,,,,,,,,,
379,11,new,76,870,872,14M 30S,14M 32S,,,,,,,,,,,
380,11,new,82,908,910,15M 8S,15M 10S,,,,,,,,,,,
381,11,new,93,958,960,15M 58S,16M 0S,,,,,,,,,,,
382,11,new,94,974,976,16M 14S,16M 16S,,,,,,,,,,,
383,11,new,117,1250,1252,20M 50S,20M 52S,,,,,,,,,,,
384,11,new,144,1626,1628,27M 6S,27M 8S,,,,,,,,,,,
385,11,new,217,2242,2244,37M 22S,37M 24S,,,,,,,,,,,
386,11,new,229,2312,2314,38M 32S,38M 34S,,,,,,,,,,,
387,11,new,258,2482,2484,41M 22S,41M 24S,,,,,,,,,,,
388,11,new,282,2602,2604,43M 22S,43M 24S,,,,,,,,,,,
389,12,new,41,392,394,6M 32S,6M 34S,,,,,,,,,,,
390,12,new,45,440,446,7M 20S,7M 26S,,,,,,,,,,,
391,12,new,78,728,740,12M 8S,12M 20S,,,,,,,,,,,
392,12,new,119,1170,1172,19M 30S,19M 32S,,,,,,,,,,,
393,12,new,220,2394,2396,39M 54S,39M 56S,,,,,,,,,,,
394,12,new,286,3218,3220,53M 38S,53M 40S,,,,,,,,,,,
395,12,new,310,3638,3640,1H 0M 38S,1H 0M 40S,,,,,,,,,,,
396,12,new,325,3784,3786,1H 3M 4S,1H 3M 6S,,,,,,,,,,,
397,12,new,443,6036,6038,1H 40M 36S,1H 40M 38S,,,,,,,,,,,
398,12,new,463,6290,6292,1H 44M 50S,1H 44M 52S,,,,,,,,,,,
399,12,new,517,7082,7084,1H 58M 2S,1H 58M 4S,,,,,,,,,,,
400,12,new,537,7260,7262,2H 1M 0S,2H 1M 2S,,,,,,,,,,,
401,13,new,262,1030,1032,17M 10S,17M 12S,,,,,,,,,,,
402,13,new,304,1138,1142,18M 58S,19M 2S,,,,,,,,,,,
403,13,new,563,2110,2112,35M 10S,35M 12S,,,,,,,,,,,
404,14,new,122,734,736,12M 14S,12M 16S,,,,,,,,,,,
405,14,new,172,1120,1124,18M 40S,18M 44S,,,,,,,,,,,
406,14,new,400,3144,3148,52M 24S,52M 28S,,,,,,,,,,,
407,15,new,14,128,130,2M 8S,2M 10S,,,,,,,,,,,
408,15,new,50,256,258,4M 16S,4M 18S,,,,,,,,,,,
409,15,new,74,406,408,6M 46S,6M 48S,,,,,,,,,,,
410,15,new,86,508,510,8M 28S,8M 30S,,,,,,,,,,,
411,15,new,96,574,588,9M 34S,9M 48S,,,,,,,,,,,
412,15,new,102,646,648,10M 46S,10M 48S,,,,,,,,,,,
413,15,new,108,724,726,12M 4S,12M 6S,,,,,,,,,,,
414,15,new,120,758,760,12M 38S,12M 40S,,,,,,,,,,,
415,15,new,147,936,938,15M 36S,15M 38S,,,,,,,,,,,
416,15,new,195,1146,1148,19M 6S,19M 8S,,,,,,,,,,,
417,15,new,249,1448,1450,24M 8S,24M 10S,,,,,,,,,,,
418,15,new,267,1654,1656,27M 34S,27M 36S,,,,,,,,,,,
419,15,new,283,1798,1800,29M 58S,30M 0S,,,,,,,,,,,
420,15,new,392,2432,2434,40M 32S,40M 34S,,,,,,,,,,,
421,15,new,410,2540,2542,42M 20S,42M 22S,,,,,,,,,,,
422,15,new,412,2552,2554,42M 32S,42M 34S,,,,,,,,,,,
423,15,new,416,2604,2606,43M 24S,43M 26S,,,,,,,,,,,
424,16,new,30,1696,1698,28M 16S,28M 18S,,,,,,,,,,,
425,16,new,61,2024,2028,33M 44S,33M 48S,,,,,,,,,,,
426,16,new,71,2200,2202,36M 40S,36M 42S,,,,,,,,,,,
427,16,new,220,3218,3226,53M 38S,53M 46S,,,,,,,,,,,
428,17,new,11,138,140,2M 18S,2M 20S,,,,,,,,,,,
429,17,new,20,172,174,2M 52S,2M 54S,,,,,,,,,,,
430,17,new,25,196,200,3M 16S,3M 20S,,,,,,,,,,,
431,17,new,28,234,236,3M 54S,3M 56S,,,,,,,,,,,
432,17,new,30,252,254,4M 12S,4M 14S,,,,,,,,,,,
433,17,new,36,572,578,9M 32S,9M 38S,,,,,,,,,,,
434,17,new,40,778,784,12M 58S,13M 4S,,,,,,,,,,,
435,17,new,43,930,932,15M 30S,15M 32S,,,,,,,,,,,
436,17,new,81,1560,1568,26M 0S,26M 8S,,,,,,,,,,,
437,17,new,177,2334,2336,38M 54S,38M 56S,,,,,,,,,,,
438,17,new,211,2868,2884,47M 48S,48M 4S,,,,,,,,,,,
439,17,new,455,4854,4884,1H 20M 54S,1H 21M 24S,,,,,,,,,,,
440,17,new,461,4906,4908,1H 21M 46S,1H 21M 48S,,,,,,,,,,,
441,18,new,137,842,846,14M 2S,14M 6S,,,,,,,,,,,
442,18,new,203,1150,1152,19M 10S,19M 12S,,,,,,,,,,,
443,18,new,354,1840,1842,30M 40S,30M 42S,,,,,,,,,,,
444,18,new,385,1970,1972,32M 50S,32M 52S,,,,,,,,,,,
445,18,new,429,2188,2190,36M 28S,36M 30S,,,,,,,,,,,
446,18,new,441,2226,2228,37M 6S,37M 8S,,,,,,,,,,,
447,18,new,491,2416,2418,40M 16S,40M 18S,,,,,,,,,,,
448,18,new,503,2442,2444,40M 42S,40M 44S,,,,,,,,,,,
449,18,new,750,4326,4352,1H 12M 6S,1H 12M 32S,,,,,,,,,,,
450,19,new,46,380,390,6M 20S,6M 30S,,,,,,,,,,,
451,19,new,54,498,500,8M 18S,8M 20S,,,,,,,,,,,
452,19,new,59,534,536,8M 54S,8M 56S,,,,,,,,,,,
453,19,new,81,710,712,11M 50S,11M 52S,,,,,,,,,,,
454,19,new,123,1028,1032,17M 8S,17M 12S,,,,,,,,,,,
455,19,new,224,1820,1824,30M 20S,30M 24S,,,,,,,,,,,
456,19,new,235,1924,1928,32M 4S,32M 8S,,,,,,,,,,,
457,19,new,353,3032,3036,50M 32S,50M 36S,,,,,,,,,,,
458,19,new,380,3538,3540,58M 58S,59M 0S,,,,,,,,,,,
459,20,new,34,3656,3658,1H 0M 56S,1H 0M 58S,,,,,,,,,,,
460,20,new,40,3678,3680,1H 1M 18S,1H 1M 20S,,,,,,,,,,,
461,20,new,56,3748,3750,1H 2M 28S,1H 2M 30S,,,,,,,,,,,
