,participant,session,order,start,end,start_hms,end_hms,place,activity,activity 2,type,,participant,session,items_uniq,order,start,end,start_hms,end_hms,type
1,1,reg,108,828,862,13M 48S,14M 22S,sk,wash,,tap,,1,reg,0,7,32,38,32S,38S,tap
2,1,reg,161,1370,1420,22M 50S,23M 40S,sk,wipe,,tap,,2,reg,0,10,122,128,2M 2S,2M 8S,tap
3,2,reg,223,2718,2722,45M 18S,45M 22S,sk,rinse,wash,tap,,3,reg,0,3,12,22,12S,22S,tap
4,3,reg,3,12,22,12S,22S,sk,wash,,tap,,4,reg,0,32,154,160,2M 34S,2M 40S,tap
5,4,reg,132,1276,1286,21M 16S,21M 26S,stove,add,portion,tap,,5,reg,0,13,112,118,1M 52S,1M 58S,tap
6,4,reg,273,2260,2272,37M 40S,37M 52S,sk,wash,,tap,,6,reg,0,5,72,78,1M 12S,1M 18S,kettle
7,5,reg,20,172,176,2M 52S,2M 56S,sk,wash,,tap,,7,reg,0,37,236,240,3M 56S,4M 0S,kettle
8,6,reg,119,1460,1462,24M 20S,24M 22S,sk,wash,,tap,,8,reg,0,7,80,90,1M 20S,1M 30S,tap
9,6,reg,226,2628,2662,43M 48S,44M 22S,sk,wash,,tap,,9,reg,0,2,16,28,16S,28S,tap
10,7,reg,53,610,624,10M 10S,10M 24S,sk,wash,,tap,,10,reg,0,91,788,790,13M 8S,13M 10S,tap
11,8,reg,50,470,474,7M 50S,7M 54S,sk,wash,,tap,,11,reg,0,21,184,212,3M 4S,3M 32S,tap
12,9,reg,5,44,46,44S,46S,floor,drink,,tap,,12,reg,0,18,152,172,2M 32S,2M 52S,tap
13,9,reg,367,2764,2768,46M 4S,46M 8S,sk,wash,drink,tap,,13,reg,0,14,70,76,1M 10S,1M 16S,kettle
14,9,reg,430,3174,3178,52M 54S,52M 58S,sk,wash,,tap,,14,reg,0,30,242,248,4M 2S,4M 8S,tap
15,10,reg,231,1848,1852,30M 48S,30M 52S,sk,wash,,tap,,15,reg,0,17,114,118,1M 54S,1M 58S,tap
16,11,reg,58,756,764,12M 36S,12M 44S,sk,wash,,tap,,16,reg,0,37,254,270,4M 14S,4M 30S,tap
17,11,reg,284,2912,2942,48M 32S,49M 2S,sk,wash,,tap,,17,reg,0,34,384,392,6M 24S,6M 32S,tap
18,12,reg,153,1704,1716,28M 24S,28M 36S,sk,wash,,tap,,18,reg,0,17,116,120,1M 56S,2M 0S,tap
19,13,reg,122,814,818,13M 34S,13M 38S,co,drink,,tap,,19,reg,0,9,56,58,56S,58S,tap
20,14,reg,85,698,712,11M 38S,11M 52S,sk,wash,,tap,,20,reg,0,7,68,70,1M 8S,1M 10S,kettle
21,14,reg,460,3790,3796,1H 3M 10S,1H 3M 16S,sk,rinse,wash,tap,,1,new,0,14,90,98,1M 30S,1M 38S,tap
22,15,reg,294,1348,1352,22M 28S,22M 32S,sk,wash,,tap,,2,new,0,9,42,104,42S,1M 44S,tap
23,15,reg,460,2344,2354,39M 4S,39M 14S,sk,wash,,tap,,3,new,0,3,14,22,14S,22S,tap
24,16,reg,37,254,270,4M 14S,4M 30S,sk,wash,,tap,,4,new,0,38,354,362,5M 54S,6M 2S,tap
25,17,reg,74,1032,1042,17M 12S,17M 22S,sk,wash,,tap,,5,new,0,47,1616,1648,26M 56S,27M 28S,tap
26,17,reg,451,3890,3896,1H 4M 50S,1H 4M 56S,sk,wash,,tap,,6,new,0,28,750,766,12M 30S,12M 46S,tap
27,17,reg,644,5664,5672,1H 34M 24S,1H 34M 32S,co,drink,,tap,,7,new,0,17,172,212,2M 52S,3M 32S,tap
28,18,reg,179,738,880,12M 18S,14M 40S,sk,wash,,tap,,8,new,0,12,120,126,2M 0S,2M 6S,tap
29,18,reg,353,1696,1702,28M 16S,28M 22S,floor,drink,,tap,,9,new,0,4,126,154,2M 6S,2M 34S,tap
30,19,reg,46,242,248,4M 2S,4M 8S,sk,wash,,tap,,10,new,0,79,1010,1028,16M 50S,17M 8S,tap
31,19,reg,453,3296,3400,54M 56S,56M 40S,sk,wash,,tap,,11,new,0,44,646,650,10M 46S,10M 50S,tap
32,19,reg,486,3836,3840,1H 3M 56S,1H 4M 0S,sk,wash,,tap,,12,new,0,2,16,26,16S,26S,tap
33,20,reg,86,504,506,8M 24S,8M 26S,sk,wash,,tap,,13,new,0,14,80,88,1M 20S,1M 28S,tap
34,20,reg,215,1642,1644,27M 22S,27M 24S,sk,drink,pour,tap,,14,new,0,49,310,322,5M 10S,5M 22S,tap
35,20,reg,408,2688,2696,44M 48S,44M 56S,sk,wash,,tap,,15,new,0,16,132,134,2M 12S,2M 14S,tap
36,1,new,344,3004,3008,50M 4S,50M 8S,sk,wash,,tap,,16,new,0,34,1716,1724,28M 36S,28M 44S,tap
37,1,new,354,3180,3192,53M 0S,53M 12S,sk,wash,,tap,,17,new,0,5,62,80,1M 2S,1M 20S,tap
38,2,new,70,784,786,13M 4S,13M 6S,sk,wash,,tap,,18,new,0,51,332,338,5M 32S,5M 38S,tap
39,2,new,253,3328,3334,55M 28S,55M 34S,sk,add,boil,tap,,19,new,0,34,306,356,5M 6S,5M 56S,tap
40,3,new,30,752,756,12M 32S,12M 36S,sk,rinse,,tap,,20,new,0,4,3548,3564,59M 8S,59M 24S,tap
41,4,new,127,1408,1412,23M 28S,23M 32S,co,add,portion,tap,,,,,,,,,,
42,5,new,191,5358,5360,1H 29M 18S,1H 29M 20S,sk,add,portion,tap,,,,,,,,,,
43,6,new,97,1906,1910,31M 46S,31M 50S,sk,rinse ,,tap,,,,,,,,,,
44,6,new,126,2338,2350,38M 58S,39M 10S,sk,wash,,tap,,,,,,,,,,
45,6,new,224,3494,3496,58M 14S,58M 16S,sk,rinse,,tap,,,,,,,,,,
46,6,new,341,5116,5124,1H 25M 16S,1H 25M 24S,sk,wash,,tap,,,,,,,,,,
47,7,new,17,172,212,2M 52S,3M 32S,sk,wash,,tap,,,,,,,,,,
48,8,new,34,324,326,5M 24S,5M 26S,sk,wash,,tap,,,,,,,,,,
49,9,new,109,780,788,13M 0S,13M 8S,sk,wash,,tap,,,,,,,,,,
50,9,new,335,1988,2172,33M 8S,36M 12S,sk,boil,,tap,,,,,,,,,,
51,9,new,459,3144,3160,52M 24S,52M 40S,sk,wash,boil,tap,,,,,,,,,,
52,10,new,157,1682,1684,28M 2S,28M 4S,sk,wash,,tap,,,,,,,,,,
53,10,new,700,5834,5836,1H 37M 14S,1H 37M 16S,co,add,portion,tap,,,,,,,,,,
54,10,new,796,6396,6472,1H 46M 36S,1H 47M 52S,sk,wash,,tap,,,,,,,,,,
55,11,new,44,646,650,10M 46S,10M 50S,sk,wash,,tap,,,,,,,,,,
56,11,new,305,2758,2762,45M 58S,46M 2S,sk,wash,,tap,,,,,,,,,,
57,11,new,587,5044,5046,1H 24M 4S,1H 24M 6S,sk,wash,,tap,,,,,,,,,,
58,12,new,157,1914,1940,31M 54S,32M 20S,sk,wash,,tap,,,,,,,,,,
59,12,new,538,7264,7268,2H 1M 4S,2H 1M 8S,sk,rinse,wash,tap,,,,,,,,,,
60,13,new,99,450,454,7M 30S,7M 34S,sk,rinse,wash,tap,,,,,,,,,,
61,13,new,502,1864,1872,31M 4S,31M 12S,sk,wash,,tap,,,,,,,,,,
62,13,new,590,2252,2256,37M 32S,37M 36S,sk,wash,,tap,,,,,,,,,,
63,13,new,752,2792,2796,46M 32S,46M 36S,co,add,,tap,,,,,,,,,,
64,14,new,49,310,322,5M 10S,5M 22S,sk,wash,,tap,,,,,,,,,,
65,14,new,257,1830,1860,30M 30S,31M 0S,sk,wash,,tap,,,,,,,,,,
66,15,new,246,1440,1448,24M 0S,24M 8S,sk,wash,,tap,,,,,,,,,,
67,16,new,48,1866,1868,31M 6S,31M 8S,sk,wash,,tap,,,,,,,,,,
68,17,new,174,2320,2328,38M 40S,38M 48S,sk,wash,,tap,,,,,,,,,,
69,17,new,254,3422,3424,57M 2S,57M 4S,sk,wash,,tap,,,,,,,,,,
70,18,new,131,814,820,13M 34S,13M 40S,stove,boil,,tap,,,,,,,,,,
71,18,new,499,2436,2454,40M 36S,40M 54S,sk,wash,,tap,,,,,,,,,,
72,18,new,761,4482,4492,1H 14M 42S,1H 14M 52S,sk,wash,,tap,,,,,,,,,,
73,19,new,76,674,678,11M 14S,11M 18S,stove,rinse,wash,tap,,,,,,,,,,
74,19,new,383,3544,3570,59M 4S,59M 30S,sk,wash,,tap,,,,,,,,,,
75,20,new,45,3692,3704,1H 1M 32S,1H 1M 44S,sk,wash,,tap,,,,,,,,,,
76,NA,NA,NA,NA,NA,NA,NA,,,,,,,,,,,,,,
77,1,reg,7,32,38,32S,38S,,,,,,,,,,,,,,
78,1,reg,13,68,138,1M 8S,2M 18S,,,,,,,,,,,,,,
79,1,reg,31,208,210,3M 28S,3M 30S,,,,,,,,,,,,,,
80,1,reg,37,266,270,4M 26S,4M 30S,,,,,,,,,,,,,,
81,1,reg,69,498,560,8M 18S,9M 20S,,,,,,,,,,,,,,
82,1,reg,82,610,688,10M 10S,11M 28S,,,,,,,,,,,,,,
83,1,reg,96,736,776,12M 16S,12M 56S,,,,,,,,,,,,,,
84,1,reg,112,888,922,14M 48S,15M 22S,,,,,,,,,,,,,,
85,1,reg,129,1106,1146,18M 26S,19M 6S,,,,,,,,,,,,,,
86,1,reg,141,1194,1228,19M 54S,20M 28S,,,,,,,,,,,,,,
87,1,reg,155,1330,1348,22M 10S,22M 28S,,,,,,,,,,,,,,
88,1,reg,167,1480,1494,24M 40S,24M 54S,,,,,,,,,,,,,,
89,1,reg,170,1544,1600,25M 44S,26M 40S,,,,,,,,,,,,,,
90,1,reg,179,1652,1678,27M 32S,27M 58S,,,,,,,,,,,,,,
91,1,reg,195,1840,1880,30M 40S,31M 20S,,,,,,,,,,,,,,
92,1,reg,201,1940,1962,32M 20S,32M 42S,,,,,,,,,,,,,,
93,2,reg,10,122,128,2M 2S,2M 8S,,,,,,,,,,,,,,
94,2,reg,13,164,180,2M 44S,3M 0S,,,,,,,,,,,,,,
95,2,reg,16,186,188,3M 6S,3M 8S,,,,,,,,,,,,,,
96,2,reg,47,670,676,11M 10S,11M 16S,,,,,,,,,,,,,,
97,2,reg,65,1018,1022,16M 58S,17M 2S,,,,,,,,,,,,,,
98,2,reg,124,2018,2022,33M 38S,33M 42S,,,,,,,,,,,,,,
99,2,reg,229,2752,2770,45M 52S,46M 10S,,,,,,,,,,,,,,
100,2,reg,231,2766,2770,46M 6S,46M 10S,,,,,,,,,,,,,,
101,3,reg,47,860,864,14M 20S,14M 24S,,,,,,,,,,,,,,
102,4,reg,32,154,160,2M 34S,2M 40S,,,,,,,,,,,,,,
103,4,reg,45,270,282,4M 30S,4M 42S,,,,,,,,,,,,,,
104,4,reg,65,728,730,12M 8S,12M 10S,,,,,,,,,,,,,,
105,4,reg,71,766,770,12M 46S,12M 50S,,,,,,,,,,,,,,
106,4,reg,133,1292,1296,21M 32S,21M 36S,,,,,,,,,,,,,,
107,4,reg,166,1440,1442,24M 0S,24M 2S,,,,,,,,,,,,,,
108,4,reg,169,1452,1484,24M 12S,24M 44S,,,,,,,,,,,,,,
109,4,reg,181,1514,1528,25M 14S,25M 28S,,,,,,,,,,,,,,
110,4,reg,205,1658,1676,27M 38S,27M 56S,,,,,,,,,,,,,,
111,4,reg,303,2660,2682,44M 20S,44M 42S,,,,,,,,,,,,,,
112,4,reg,316,2758,2764,45M 58S,46M 4S,,,,,,,,,,,,,,
113,5,reg,13,112,118,1M 52S,1M 58S,,,,,,,,,,,,,,
114,5,reg,47,980,984,16M 20S,16M 24S,,,,,,,,,,,,,,
115,5,reg,71,1256,1260,20M 56S,21M 0S,,,,,,,,,,,,,,
116,6,reg,5,72,78,1M 12S,1M 18S,,,,,,,,,,,,,,
117,6,reg,10,88,90,1M 28S,1M 30S,,,,,,,,,,,,,,
118,6,reg,15,184,196,3M 4S,3M 16S,,,,,,,,,,,,,,
119,6,reg,19,228,234,3M 48S,3M 54S,,,,,,,,,,,,,,
120,6,reg,38,516,518,8M 36S,8M 38S,,,,,,,,,,,,,,
121,6,reg,109,1388,1390,23M 8S,23M 10S,,,,,,,,,,,,,,
122,6,reg,133,1550,1554,25M 50S,25M 54S,,,,,,,,,,,,,,
123,6,reg,143,1634,1640,27M 14S,27M 20S,,,,,,,,,,,,,,
124,6,reg,158,1870,1874,31M 10S,31M 14S,,,,,,,,,,,,,,
125,6,reg,189,2246,2248,37M 26S,37M 28S,,,,,,,,,,,,,,
126,6,reg,196,2256,2310,37M 36S,38M 30S,,,,,,,,,,,,,,
127,6,reg,210,2522,2530,42M 2S,42M 10S,,,,,,,,,,,,,,
128,6,reg,219,2576,2582,42M 56S,43M 2S,,,,,,,,,,,,,,
129,7,reg,37,236,240,3M 56S,4M 0S,,,,,,,,,,,,,,
130,7,reg,64,704,714,11M 44S,11M 54S,,,,,,,,,,,,,,
131,7,reg,84,1028,1034,17M 8S,17M 14S,,,,,,,,,,,,,,
132,7,reg,86,1036,1042,17M 16S,17M 22S,,,,,,,,,,,,,,
133,7,reg,92,1108,1118,18M 28S,18M 38S,,,,,,,,,,,,,,
134,8,reg,7,80,90,1M 20S,1M 30S,,,,,,,,,,,,,,
135,8,reg,17,174,180,2M 54S,3M 0S,,,,,,,,,,,,,,
136,8,reg,36,388,404,6M 28S,6M 44S,,,,,,,,,,,,,,
137,8,reg,71,600,606,10M 0S,10M 6S,,,,,,,,,,,,,,
138,8,reg,75,614,616,10M 14S,10M 16S,,,,,,,,,,,,,,
139,8,reg,85,712,716,11M 52S,11M 56S,,,,,,,,,,,,,,
140,8,reg,109,840,846,14M 0S,14M 6S,,,,,,,,,,,,,,
141,8,reg,128,1018,1020,16M 58S,17M 0S,,,,,,,,,,,,,,
142,9,reg,2,16,28,16S,28S,,,,,,,,,,,,,,
143,9,reg,11,84,100,1M 24S,1M 40S,,,,,,,,,,,,,,
144,9,reg,24,152,190,2M 32S,3M 10S,,,,,,,,,,,,,,
145,9,reg,34,262,268,4M 22S,4M 28S,,,,,,,,,,,,,,
146,9,reg,42,294,298,4M 54S,4M 58S,,,,,,,,,,,,,,
147,9,reg,47,340,342,5M 40S,5M 42S,,,,,,,,,,,,,,
148,9,reg,50,382,396,6M 22S,6M 36S,,,,,,,,,,,,,,
149,9,reg,90,620,624,10M 20S,10M 24S,,,,,,,,,,,,,,
150,9,reg,93,628,842,10M 28S,14M 2S,,,,,,,,,,,,,,
151,9,reg,164,1142,1146,19M 2S,19M 6S,,,,,,,,,,,,,,
152,9,reg,187,1324,1332,22M 4S,22M 12S,,,,,,,,,,,,,,
153,9,reg,190,1352,1354,22M 32S,22M 34S,,,,,,,,,,,,,,
154,9,reg,195,1386,1392,23M 6S,23M 12S,,,,,,,,,,,,,,
155,9,reg,204,1422,1424,23M 42S,23M 44S,,,,,,,,,,,,,,
156,9,reg,229,1518,1534,25M 18S,25M 34S,,,,,,,,,,,,,,
157,9,reg,356,2684,2704,44M 44S,45M 4S,,,,,,,,,,,,,,
158,9,reg,365,2746,2760,45M 46S,46M 0S,,,,,,,,,,,,,,
159,9,reg,381,2850,2862,47M 30S,47M 42S,,,,,,,,,,,,,,
160,9,reg,391,2882,2890,48M 2S,48M 10S,,,,,,,,,,,,,,
161,9,reg,395,2898,2944,48M 18S,49M 4S,,,,,,,,,,,,,,
162,9,reg,426,3098,3108,51M 38S,51M 48S,,,,,,,,,,,,,,
163,9,reg,439,3234,3266,53M 54S,54M 26S,,,,,,,,,,,,,,
164,9,reg,500,3860,3892,1H 4M 20S,1H 4M 52S,,,,,,,,,,,,,,
165,10,reg,92,788,790,13M 8S,13M 10S,,,,,,,,,,,,,,
166,10,reg,166,1278,1286,21M 18S,21M 26S,,,,,,,,,,,,,,
167,10,reg,225,1754,1758,29M 14S,29M 18S,,,,,,,,,,,,,,
168,10,reg,252,2016,2020,33M 36S,33M 40S,,,,,,,,,,,,,,
169,11,reg,21,184,212,3M 4S,3M 32S,,,,,,,,,,,,,,
170,11,reg,34,376,464,6M 16S,7M 44S,,,,,,,,,,,,,,
171,11,reg,37,394,464,6M 34S,7M 44S,,,,,,,,,,,,,,
172,11,reg,41,474,476,7M 54S,7M 56S,,,,,,,,,,,,,,
173,11,reg,65,856,860,14M 16S,14M 20S,,,,,,,,,,,,,,
174,11,reg,67,874,916,14M 34S,15M 16S,,,,,,,,,,,,,,
175,11,reg,76,938,942,15M 38S,15M 42S,,,,,,,,,,,,,,
176,11,reg,82,1066,1072,17M 46S,17M 52S,,,,,,,,,,,,,,
177,11,reg,155,1696,1708,28M 16S,28M 28S,,,,,,,,,,,,,,
178,11,reg,220,2394,2398,39M 54S,39M 58S,,,,,,,,,,,,,,
179,12,reg,18,152,172,2M 32S,2M 52S,,,,,,,,,,,,,,
180,12,reg,212,2376,2390,39M 36S,39M 50S,,,,,,,,,,,,,,
181,12,reg,231,2618,2638,43M 38S,43M 58S,,,,,,,,,,,,,,
182,12,reg,331,3552,3568,59M 12S,59M 28S,,,,,,,,,,,,,,
183,12,reg,342,3618,3640,1H 0M 18S,1H 0M 40S,,,,,,,,,,,,,,
184,13,reg,14,70,76,1M 10S,1M 16S,,,,,,,,,,,,,,
185,13,reg,43,338,344,5M 38S,5M 44S,,,,,,,,,,,,,,
186,13,reg,162,1090,1098,18M 10S,18M 18S,,,,,,,,,,,,,,
187,13,reg,242,1574,1578,26M 14S,26M 18S,,,,,,,,,,,,,,
188,13,reg,433,2542,2550,42M 22S,42M 30S,,,,,,,,,,,,,,
189,14,reg,30,242,248,4M 2S,4M 8S,,,,,,,,,,,,,,
190,14,reg,62,466,478,7M 46S,7M 58S,,,,,,,,,,,,,,
191,14,reg,90,718,726,11M 58S,12M 6S,,,,,,,,,,,,,,
192,14,reg,126,1108,1114,18M 28S,18M 34S,,,,,,,,,,,,,,
193,14,reg,133,1128,1136,18M 48S,18M 56S,,,,,,,,,,,,,,
194,14,reg,158,1254,1260,20M 54S,21M 0S,,,,,,,,,,,,,,
195,14,reg,168,1300,1304,21M 40S,21M 44S,,,,,,,,,,,,,,
196,14,reg,204,1654,1662,27M 34S,27M 42S,,,,,,,,,,,,,,
197,14,reg,400,3432,3442,57M 12S,57M 22S,,,,,,,,,,,,,,
198,14,reg,419,3550,3576,59M 10S,59M 36S,,,,,,,,,,,,,,
199,14,reg,429,3582,3662,59M 42S,1H 1M 2S,,,,,,,,,,,,,,
200,14,reg,445,3688,3724,1H 1M 28S,1H 2M 4S,,,,,,,,,,,,,,
201,14,reg,452,3732,3748,1H 2M 12S,1H 2M 28S,,,,,,,,,,,,,,
202,14,reg,462,3798,3802,1H 3M 18S,1H 3M 22S,,,,,,,,,,,,,,
203,14,reg,499,4024,4028,1H 7M 4S,1H 7M 8S,,,,,,,,,,,,,,
204,15,reg,17,114,118,1M 54S,1M 58S,,,,,,,,,,,,,,
205,15,reg,26,178,196,2M 58S,3M 16S,,,,,,,,,,,,,,
206,15,reg,186,938,944,15M 38S,15M 44S,,,,,,,,,,,,,,
207,15,reg,257,1220,1230,20M 20S,20M 30S,,,,,,,,,,,,,,
208,15,reg,258,1236,1238,20M 36S,20M 38S,,,,,,,,,,,,,,
209,15,reg,334,1646,1652,27M 26S,27M 32S,,,,,,,,,,,,,,
210,15,reg,349,1814,1818,30M 14S,30M 18S,,,,,,,,,,,,,,
211,15,reg,356,1856,1872,30M 56S,31M 12S,,,,,,,,,,,,,,
212,15,reg,400,2060,2062,34M 20S,34M 22S,,,,,,,,,,,,,,
213,15,reg,447,2278,2326,37M 58S,38M 46S,,,,,,,,,,,,,,
214,15,reg,472,2390,2412,39M 50S,40M 12S,,,,,,,,,,,,,,
215,15,reg,478,2550,2556,42M 30S,42M 36S,,,,,,,,,,,,,,
216,15,reg,490,2708,2718,45M 8S,45M 18S,,,,,,,,,,,,,,
217,16,reg,134,928,932,15M 28S,15M 32S,,,,,,,,,,,,,,
218,17,reg,34,384,392,6M 24S,6M 32S,,,,,,,,,,,,,,
219,17,reg,61,616,622,10M 16S,10M 22S,,,,,,,,,,,,,,
220,17,reg,146,1800,1824,30M 0S,30M 24S,,,,,,,,,,,,,,
221,17,reg,178,2254,2268,37M 34S,37M 48S,,,,,,,,,,,,,,
222,17,reg,207,2484,2498,41M 24S,41M 38S,,,,,,,,,,,,,,
223,17,reg,223,2592,2594,43M 12S,43M 14S,,,,,,,,,,,,,,
224,17,reg,230,2614,2634,43M 34S,43M 54S,,,,,,,,,,,,,,
225,17,reg,244,2680,2686,44M 40S,44M 46S,,,,,,,,,,,,,,
226,17,reg,251,2730,2736,45M 30S,45M 36S,,,,,,,,,,,,,,
227,17,reg,266,2880,2884,48M 0S,48M 4S,,,,,,,,,,,,,,
228,17,reg,356,3422,3430,57M 2S,57M 10S,,,,,,,,,,,,,,
229,17,reg,373,3492,3496,58M 12S,58M 16S,,,,,,,,,,,,,,
230,17,reg,423,3750,3760,1H 2M 30S,1H 2M 40S,,,,,,,,,,,,,,
231,17,reg,467,4006,4012,1H 6M 46S,1H 6M 52S,,,,,,,,,,,,,,
232,17,reg,567,4924,4972,1H 22M 4S,1H 22M 52S,,,,,,,,,,,,,,
233,17,reg,588,5096,5106,1H 24M 56S,1H 25M 6S,,,,,,,,,,,,,,
234,17,reg,592,5112,5116,1H 25M 12S,1H 25M 16S,,,,,,,,,,,,,,
235,17,reg,606,5260,5262,1H 27M 40S,1H 27M 42S,,,,,,,,,,,,,,
236,17,reg,620,5446,5460,1H 30M 46S,1H 31M 0S,,,,,,,,,,,,,,
237,17,reg,649,5714,5718,1H 35M 14S,1H 35M 18S,,,,,,,,,,,,,,
238,18,reg,17,116,120,1M 56S,2M 0S,,,,,,,,,,,,,,
239,18,reg,63,356,362,5M 56S,6M 2S,,,,,,,,,,,,,,
240,18,reg,69,396,402,6M 36S,6M 42S,,,,,,,,,,,,,,
241,18,reg,103,498,500,8M 18S,8M 20S,,,,,,,,,,,,,,
242,18,reg,105,502,504,8M 22S,8M 24S,,,,,,,,,,,,,,
243,18,reg,131,644,646,10M 44S,10M 46S,,,,,,,,,,,,,,
244,18,reg,134,648,666,10M 48S,11M 6S,,,,,,,,,,,,,,
245,18,reg,160,700,702,11M 40S,11M 42S,,,,,,,,,,,,,,
246,18,reg,198,830,870,13M 50S,14M 30S,,,,,,,,,,,,,,
247,18,reg,216,966,1000,16M 6S,16M 40S,,,,,,,,,,,,,,
248,18,reg,239,1136,1140,18M 56S,19M 0S,,,,,,,,,,,,,,
249,18,reg,240,1162,1262,19M 22S,21M 2S,,,,,,,,,,,,,,
250,18,reg,261,1324,1332,22M 4S,22M 12S,,,,,,,,,,,,,,
251,18,reg,368,1748,1750,29M 8S,29M 10S,,,,,,,,,,,,,,
252,18,reg,424,1968,1982,32M 48S,33M 2S,,,,,,,,,,,,,,
253,18,reg,473,2196,2198,36M 36S,36M 38S,,,,,,,,,,,,,,
254,18,reg,492,2250,2252,37M 30S,37M 32S,,,,,,,,,,,,,,
255,18,reg,497,2262,2304,37M 42S,38M 24S,,,,,,,,,,,,,,
256,19,reg,9,56,58,56S,58S,,,,,,,,,,,,,,
257,19,reg,15,92,96,1M 32S,1M 36S,,,,,,,,,,,,,,
258,19,reg,21,120,122,2M 0S,2M 2S,,,,,,,,,,,,,,
259,19,reg,27,164,168,2M 44S,2M 48S,,,,,,,,,,,,,,
260,19,reg,49,254,260,4M 14S,4M 20S,,,,,,,,,,,,,,
261,19,reg,89,512,518,8M 32S,8M 38S,,,,,,,,,,,,,,
262,19,reg,92,524,528,8M 44S,8M 48S,,,,,,,,,,,,,,
263,19,reg,247,1850,1854,30M 50S,30M 54S,,,,,,,,,,,,,,
264,19,reg,339,2348,2350,39M 8S,39M 10S,,,,,,,,,,,,,,
265,19,reg,345,2390,2398,39M 50S,39M 58S,,,,,,,,,,,,,,
266,19,reg,352,2432,2468,40M 32S,41M 8S,,,,,,,,,,,,,,
267,19,reg,366,2544,2548,42M 24S,42M 28S,,,,,,,,,,,,,,
268,19,reg,378,2584,2652,43M 4S,44M 12S,,,,,,,,,,,,,,
269,19,reg,434,3194,3196,53M 14S,53M 16S,,,,,,,,,,,,,,
270,19,reg,441,3220,3232,53M 40S,53M 52S,,,,,,,,,,,,,,
271,19,reg,457,3412,3420,56M 52S,57M 0S,,,,,,,,,,,,,,
272,19,reg,461,3452,3460,57M 32S,57M 40S,,,,,,,,,,,,,,
273,19,reg,482,3786,3790,1H 3M 6S,1H 3M 10S,,,,,,,,,,,,,,
274,19,reg,491,3902,3908,1H 5M 2S,1H 5M 8S,,,,,,,,,,,,,,
275,19,reg,493,3928,3932,1H 5M 28S,1H 5M 32S,,,,,,,,,,,,,,
276,19,reg,496,3954,3962,1H 5M 54S,1H 6M 2S,,,,,,,,,,,,,,
277,19,reg,499,3992,4000,1H 6M 32S,1H 6M 40S,,,,,,,,,,,,,,
278,19,reg,502,4042,4046,1H 7M 22S,1H 7M 26S,,,,,,,,,,,,,,
279,20,reg,7,68,70,1M 8S,1M 10S,,,,,,,,,,,,,,
280,20,reg,9,70,78,1M 10S,1M 18S,,,,,,,,,,,,,,
281,20,reg,37,244,246,4M 4S,4M 6S,,,,,,,,,,,,,,
282,20,reg,44,266,270,4M 26S,4M 30S,,,,,,,,,,,,,,
283,20,reg,63,368,374,6M 8S,6M 14S,,,,,,,,,,,,,,
284,20,reg,72,404,426,6M 44S,7M 6S,,,,,,,,,,,,,,
285,20,reg,105,750,776,12M 30S,12M 56S,,,,,,,,,,,,,,
286,20,reg,148,982,1008,16M 22S,16M 48S,,,,,,,,,,,,,,
287,20,reg,189,1524,1544,25M 24S,25M 44S,,,,,,,,,,,,,,
288,20,reg,208,1602,1616,26M 42S,26M 56S,,,,,,,,,,,,,,
289,20,reg,213,1632,1636,27M 12S,27M 16S,,,,,,,,,,,,,,
290,20,reg,217,1648,1652,27M 28S,27M 32S,,,,,,,,,,,,,,
291,20,reg,273,2018,2020,33M 38S,33M 40S,,,,,,,,,,,,,,
292,20,reg,277,2022,2026,33M 42S,33M 46S,,,,,,,,,,,,,,
293,20,reg,375,2514,2518,41M 54S,41M 58S,,,,,,,,,,,,,,
294,20,reg,386,2578,2600,42M 58S,43M 20S,,,,,,,,,,,,,,
295,20,reg,391,2618,2624,43M 38S,43M 44S,,,,,,,,,,,,,,
296,20,reg,399,2658,2660,44M 18S,44M 20S,,,,,,,,,,,,,,
297,20,reg,401,2662,2668,44M 22S,44M 28S,,,,,,,,,,,,,,
298,20,reg,428,2854,2860,47M 34S,47M 40S,,,,,,,,,,,,,,
299,20,reg,450,2988,2990,49M 48S,49M 50S,,,,,,,,,,,,,,
300,20,reg,491,3316,3320,55M 16S,55M 20S,,,,,,,,,,,,,,
301,1,new,14,90,98,1M 30S,1M 38S,,,,,,,,,,,,,,
302,1,new,102,616,622,10M 16S,10M 22S,,,,,,,,,,,,,,
303,1,new,179,1340,1344,22M 20S,22M 24S,,,,,,,,,,,,,,
304,1,new,217,1582,1586,26M 22S,26M 26S,,,,,,,,,,,,,,
305,1,new,262,1920,1930,32M 0S,32M 10S,,,,,,,,,,,,,,
306,1,new,307,2308,2310,38M 28S,38M 30S,,,,,,,,,,,,,,
307,1,new,312,2636,2644,43M 56S,44M 4S,,,,,,,,,,,,,,
308,1,new,318,2660,2854,44M 20S,47M 34S,,,,,,,,,,,,,,
309,1,new,334,2884,2982,48M 4S,49M 42S,,,,,,,,,,,,,,
310,1,new,348,3058,3068,50M 58S,51M 8S,,,,,,,,,,,,,,
311,1,new,359,3220,3308,53M 40S,55M 8S,,,,,,,,,,,,,,
312,2,new,9,42,104,42S,1M 44S,,,,,,,,,,,,,,
313,2,new,14,120,128,2M 0S,2M 8S,,,,,,,,,,,,,,
314,2,new,17,150,228,2M 30S,3M 48S,,,,,,,,,,,,,,
315,2,new,26,256,324,4M 16S,5M 24S,,,,,,,,,,,,,,
316,2,new,63,698,706,11M 38S,11M 46S,,,,,,,,,,,,,,
317,2,new,118,1720,1722,28M 40S,28M 42S,,,,,,,,,,,,,,
318,2,new,132,2160,2164,36M 0S,36M 4S,,,,,,,,,,,,,,
319,2,new,140,2216,2222,36M 56S,37M 2S,,,,,,,,,,,,,,
320,2,new,165,2402,2404,40M 2S,40M 4S,,,,,,,,,,,,,,
321,2,new,185,2564,2568,42M 44S,42M 48S,,,,,,,,,,,,,,
322,2,new,275,3822,3830,1H 3M 42S,1H 3M 50S,,,,,,,,,,,,,,
323,2,new,335,4204,4208,1H 10M 4S,1H 10M 8S,,,,,,,,,,,,,,
324,2,new,384,4560,4568,1H 16M 0S,1H 16M 8S,,,,,,,,,,,,,,
325,2,new,385,4570,4574,1H 16M 10S,1H 16M 14S,,,,,,,,,,,,,,
326,2,new,408,4790,4796,1H 19M 50S,1H 19M 56S,,,,,,,,,,,,,,
327,3,new,3,14,22,14S,22S,,,,,,,,,,,,,,
328,3,new,19,656,676,10M 56S,11M 16S,,,,,,,,,,,,,,
329,3,new,42,844,890,14M 4S,14M 50S,,,,,,,,,,,,,,
330,3,new,86,1284,1300,21M 24S,21M 40S,,,,,,,,,,,,,,
331,3,new,150,1996,2004,33M 16S,33M 24S,,,,,,,,,,,,,,
332,3,new,199,2426,2430,40M 26S,40M 30S,,,,,,,,,,,,,,
333,4,new,38,354,362,5M 54S,6M 2S,,,,,,,,,,,,,,
334,4,new,88,1138,1140,18M 58S,19M 0S,,,,,,,,,,,,,,
335,4,new,212,2052,2056,34M 12S,34M 16S,,,,,,,,,,,,,,
336,4,new,229,2162,2168,36M 2S,36M 8S,,,,,,,,,,,,,,
337,4,new,235,2188,2190,36M 28S,36M 30S,,,,,,,,,,,,,,
338,4,new,251,2232,2234,37M 12S,37M 14S,,,,,,,,,,,,,,
339,4,new,257,2248,2260,37M 28S,37M 40S,,,,,,,,,,,,,,
340,4,new,268,2336,2348,38M 56S,39M 8S,,,,,,,,,,,,,,
341,4,new,272,2352,2418,39M 12S,40M 18S,,,,,,,,,,,,,,
342,5,new,47,1616,1648,26M 56S,27M 28S,,,,,,,,,,,,,,
343,5,new,77,2248,2252,37M 28S,37M 32S,,,,,,,,,,,,,,
344,5,new,79,2268,2274,37M 48S,37M 54S,,,,,,,,,,,,,,
345,5,new,106,2674,2676,44M 34S,44M 36S,,,,,,,,,,,,,,
346,5,new,110,2718,2722,45M 18S,45M 22S,,,,,,,,,,,,,,
347,5,new,124,3526,3528,58M 46S,58M 48S,,,,,,,,,,,,,,
348,5,new,171,4876,4878,1H 21M 16S,1H 21M 18S,,,,,,,,,,,,,,
349,6,new,28,750,766,12M 30S,12M 46S,,,,,,,,,,,,,,
350,6,new,37,792,794,13M 12S,13M 14S,,,,,,,,,,,,,,
351,6,new,63,1002,1022,16M 42S,17M 2S,,,,,,,,,,,,,,
352,6,new,67,1188,1194,19M 48S,19M 54S,,,,,,,,,,,,,,
353,6,new,74,1376,1388,22M 56S,23M 8S,,,,,,,,,,,,,,
354,6,new,86,1714,1716,28M 34S,28M 36S,,,,,,,,,,,,,,
355,6,new,92,1794,1800,29M 54S,30M 0S,,,,,,,,,,,,,,
356,6,new,104,1932,1934,32M 12S,32M 14S,,,,,,,,,,,,,,
357,6,new,107,1976,1978,32M 56S,32M 58S,,,,,,,,,,,,,,
358,6,new,113,2024,2028,33M 44S,33M 48S,,,,,,,,,,,,,,
359,6,new,122,2124,2126,35M 24S,35M 26S,,,,,,,,,,,,,,
360,6,new,133,2416,2426,40M 16S,40M 26S,,,,,,,,,,,,,,
361,6,new,137,2446,2462,40M 46S,41M 2S,,,,,,,,,,,,,,
362,6,new,142,2480,2484,41M 20S,41M 24S,,,,,,,,,,,,,,
363,6,new,147,2494,2498,41M 34S,41M 38S,,,,,,,,,,,,,,
364,6,new,152,2548,2552,42M 28S,42M 32S,,,,,,,,,,,,,,
365,6,new,157,2588,2618,43M 8S,43M 38S,,,,,,,,,,,,,,
366,6,new,164,2674,2678,44M 34S,44M 38S,,,,,,,,,,,,,,
367,6,new,169,2798,2800,46M 38S,46M 40S,,,,,,,,,,,,,,
368,6,new,177,2966,2968,49M 26S,49M 28S,,,,,,,,,,,,,,
369,6,new,187,3030,3032,50M 30S,50M 32S,,,,,,,,,,,,,,
370,6,new,198,3226,3230,53M 46S,53M 50S,,,,,,,,,,,,,,
371,6,new,203,3266,3268,54M 26S,54M 28S,,,,,,,,,,,,,,
372,6,new,205,3268,3270,54M 28S,54M 30S,,,,,,,,,,,,,,
373,6,new,209,3290,3294,54M 50S,54M 54S,,,,,,,,,,,,,,
374,6,new,215,3362,3366,56M 2S,56M 6S,,,,,,,,,,,,,,
375,6,new,234,3564,3566,59M 24S,59M 26S,,,,,,,,,,,,,,
376,6,new,237,3572,3576,59M 32S,59M 36S,,,,,,,,,,,,,,
377,6,new,241,3738,3746,1H 2M 18S,1H 2M 26S,,,,,,,,,,,,,,
378,6,new,248,3796,3800,1H 3M 16S,1H 3M 20S,,,,,,,,,,,,,,
379,6,new,268,3988,3990,1H 6M 28S,1H 6M 30S,,,,,,,,,,,,,,
380,6,new,274,4018,4044,1H 6M 58S,1H 7M 24S,,,,,,,,,,,,,,
381,6,new,290,4246,4250,1H 10M 46S,1H 10M 50S,,,,,,,,,,,,,,
382,6,new,298,4322,4326,1H 12M 2S,1H 12M 6S,,,,,,,,,,,,,,
383,6,new,319,4848,4852,1H 20M 48S,1H 20M 52S,,,,,,,,,,,,,,
384,6,new,350,5150,5178,1H 25M 50S,1H 26M 18S,,,,,,,,,,,,,,
385,7,new,23,294,298,4M 54S,4M 58S,,,,,,,,,,,,,,
386,7,new,67,1630,1632,27M 10S,27M 12S,,,,,,,,,,,,,,
387,8,new,12,120,126,2M 0S,2M 6S,,,,,,,,,,,,,,
388,8,new,18,198,220,3M 18S,3M 40S,,,,,,,,,,,,,,
389,8,new,60,598,600,9M 58S,10M 0S,,,,,,,,,,,,,,
390,8,new,91,920,932,15M 20S,15M 32S,,,,,,,,,,,,,,
391,8,new,171,1720,1732,28M 40S,28M 52S,,,,,,,,,,,,,,
392,9,new,4,126,154,2M 6S,2M 34S,,,,,,,,,,,,,,
393,9,new,20,222,336,3M 42S,5M 36S,,,,,,,,,,,,,,
394,9,new,33,360,366,6M 0S,6M 6S,,,,,,,,,,,,,,
395,9,new,39,376,378,6M 16S,6M 18S,,,,,,,,,,,,,,
396,9,new,57,502,534,8M 22S,8M 54S,,,,,,,,,,,,,,
397,9,new,127,846,854,14M 6S,14M 14S,,,,,,,,,,,,,,
398,9,new,180,1110,1116,18M 30S,18M 36S,,,,,,,,,,,,,,
399,9,new,206,1270,1276,21M 10S,21M 16S,,,,,,,,,,,,,,
400,9,new,239,1362,1370,22M 42S,22M 50S,,,,,,,,,,,,,,
401,9,new,249,1422,1426,23M 42S,23M 46S,,,,,,,,,,,,,,
402,9,new,287,1624,1638,27M 4S,27M 18S,,,,,,,,,,,,,,
403,9,new,316,1796,1802,29M 56S,30M 2S,,,,,,,,,,,,,,
404,9,new,320,1820,1842,30M 20S,30M 42S,,,,,,,,,,,,,,
405,9,new,337,1992,1994,33M 12S,33M 14S,,,,,,,,,,,,,,
406,9,new,361,2184,2196,36M 24S,36M 36S,,,,,,,,,,,,,,
407,9,new,376,2356,2360,39M 16S,39M 20S,,,,,,,,,,,,,,
408,9,new,387,2438,2446,40M 38S,40M 46S,,,,,,,,,,,,,,
409,9,new,433,2764,2780,46M 4S,46M 20S,,,,,,,,,,,,,,
410,9,new,439,2816,2836,46M 56S,47M 16S,,,,,,,,,,,,,,
411,9,new,468,3524,3530,58M 44S,58M 50S,,,,,,,,,,,,,,
412,9,new,477,3846,3920,1H 4M 6S,1H 5M 20S,,,,,,,,,,,,,,
413,9,new,503,4086,4320,1H 8M 6S,1H 12M 0S,,,,,,,,,,,,,,
414,9,new,531,4598,4604,1H 16M 38S,1H 16M 44S,,,,,,,,,,,,,,
415,9,new,534,4612,4620,1H 16M 52S,1H 17M 0S,,,,,,,,,,,,,,
416,9,new,536,4622,4624,1H 17M 2S,1H 17M 4S,,,,,,,,,,,,,,
417,10,new,79,1010,1028,16M 50S,17M 8S,,,,,,,,,,,,,,
418,10,new,128,1314,1356,21M 54S,22M 36S,,,,,,,,,,,,,,
419,10,new,231,2440,2450,40M 40S,40M 50S,,,,,,,,,,,,,,
420,10,new,247,2578,2594,42M 58S,43M 14S,,,,,,,,,,,,,,
421,10,new,450,4148,4150,1H 9M 8S,1H 9M 10S,,,,,,,,,,,,,,
422,10,new,526,4624,4634,1H 17M 4S,1H 17M 14S,,,,,,,,,,,,,,
423,10,new,549,4766,4770,1H 19M 26S,1H 19M 30S,,,,,,,,,,,,,,
424,10,new,559,4824,4828,1H 20M 24S,1H 20M 28S,,,,,,,,,,,,,,
425,10,new,562,4860,4904,1H 21M 0S,1H 21M 44S,,,,,,,,,,,,,,
426,10,new,569,4954,4958,1H 22M 34S,1H 22M 38S,,,,,,,,,,,,,,
427,10,new,598,5188,5192,1H 26M 28S,1H 26M 32S,,,,,,,,,,,,,,
428,10,new,621,5344,5346,1H 29M 4S,1H 29M 6S,,,,,,,,,,,,,,
429,10,new,647,5488,5532,1H 31M 28S,1H 32M 12S,,,,,,,,,,,,,,
430,10,new,655,5562,5564,1H 32M 42S,1H 32M 44S,,,,,,,,,,,,,,
431,10,new,698,5830,5832,1H 37M 10S,1H 37M 12S,,,,,,,,,,,,,,
432,10,new,722,5956,5978,1H 39M 16S,1H 39M 38S,,,,,,,,,,,,,,
433,10,new,740,6072,6074,1H 41M 12S,1H 41M 14S,,,,,,,,,,,,,,
434,10,new,750,6140,6142,1H 42M 20S,1H 42M 22S,,,,,,,,,,,,,,
435,11,new,51,674,688,11M 14S,11M 28S,,,,,,,,,,,,,,
436,11,new,56,728,730,12M 8S,12M 10S,,,,,,,,,,,,,,
437,11,new,75,858,868,14M 18S,14M 28S,,,,,,,,,,,,,,
438,11,new,90,922,926,15M 22S,15M 26S,,,,,,,,,,,,,,
439,11,new,96,978,982,16M 18S,16M 22S,,,,,,,,,,,,,,
440,11,new,112,1210,1214,20M 10S,20M 14S,,,,,,,,,,,,,,
441,11,new,157,1802,1820,30M 2S,30M 20S,,,,,,,,,,,,,,
442,11,new,239,2366,2370,39M 26S,39M 30S,,,,,,,,,,,,,,
443,11,new,260,2486,2488,41M 26S,41M 28S,,,,,,,,,,,,,,
444,11,new,295,2692,2708,44M 52S,45M 8S,,,,,,,,,,,,,,
445,11,new,318,2966,2976,49M 26S,49M 36S,,,,,,,,,,,,,,
446,11,new,334,3064,3070,51M 4S,51M 10S,,,,,,,,,,,,,,
447,11,new,345,3332,3352,55M 32S,55M 52S,,,,,,,,,,,,,,
448,11,new,393,3686,3698,1H 1M 26S,1H 1M 38S,,,,,,,,,,,,,,
449,11,new,439,3978,3990,1H 6M 18S,1H 6M 30S,,,,,,,,,,,,,,
450,11,new,454,4124,4132,1H 8M 44S,1H 8M 52S,,,,,,,,,,,,,,
451,11,new,464,4258,4268,1H 10M 58S,1H 11M 8S,,,,,,,,,,,,,,
452,11,new,486,4432,4440,1H 13M 52S,1H 14M 0S,,,,,,,,,,,,,,
453,12,new,2,16,26,16S,26S,,,,,,,,,,,,,,
454,12,new,15,98,180,1M 38S,3M 0S,,,,,,,,,,,,,,
455,12,new,36,336,342,5M 36S,5M 42S,,,,,,,,,,,,,,
456,12,new,37,348,348,5M 48S,5M 48S,,,,,,,,,,,,,,
457,12,new,46,452,496,7M 32S,8M 16S,,,,,,,,,,,,,,
458,12,new,84,882,886,14M 42S,14M 46S,,,,,,,,,,,,,,
459,12,new,96,938,950,15M 38S,15M 50S,,,,,,,,,,,,,,
460,12,new,338,4104,4128,1H 8M 24S,1H 8M 48S,,,,,,,,,,,,,,
461,12,new,464,6300,6372,1H 45M 0S,1H 46M 12S,,,,,,,,,,,,,,
462,13,new,14,80,88,1M 20S,1M 28S,,,,,,,,,,,,,,
463,13,new,41,204,218,3M 24S,3M 38S,,,,,,,,,,,,,,
464,13,new,125,598,606,9M 58S,10M 6S,,,,,,,,,,,,,,
465,13,new,178,756,776,12M 36S,12M 56S,,,,,,,,,,,,,,
466,13,new,265,1040,1044,17M 20S,17M 24S,,,,,,,,,,,,,,
467,13,new,303,1134,1136,18M 54S,18M 56S,,,,,,,,,,,,,,
468,13,new,343,1262,1266,21M 2S,21M 6S,,,,,,,,,,,,,,
469,13,new,357,1326,1338,22M 6S,22M 18S,,,,,,,,,,,,,,
470,13,new,390,1458,1516,24M 18S,25M 16S,,,,,,,,,,,,,,
471,13,new,400,1516,1524,25M 16S,25M 24S,,,,,,,,,,,,,,
472,13,new,413,1556,1642,25M 56S,27M 22S,,,,,,,,,,,,,,
473,13,new,444,1662,1744,27M 42S,29M 4S,,,,,,,,,,,,,,
474,13,new,471,1762,1766,29M 22S,29M 26S,,,,,,,,,,,,,,
475,13,new,476,1766,1806,29M 26S,30M 6S,,,,,,,,,,,,,,
476,13,new,479,1778,1790,29M 38S,29M 50S,,,,,,,,,,,,,,
477,13,new,513,1904,1940,31M 44S,32M 20S,,,,,,,,,,,,,,
478,13,new,535,2008,2064,33M 28S,34M 24S,,,,,,,,,,,,,,
479,13,new,588,2248,2254,37M 28S,37M 34S,,,,,,,,,,,,,,
480,13,new,600,2266,2274,37M 46S,37M 54S,,,,,,,,,,,,,,
481,13,new,611,2316,2320,38M 36S,38M 40S,,,,,,,,,,,,,,
482,13,new,633,2362,2390,39M 22S,39M 50S,,,,,,,,,,,,,,
483,13,new,638,2366,2368,39M 26S,39M 28S,,,,,,,,,,,,,,
484,13,new,644,2392,2394,39M 52S,39M 54S,,,,,,,,,,,,,,
485,13,new,658,2444,2446,40M 44S,40M 46S,,,,,,,,,,,,,,
486,13,new,664,2468,2470,41M 8S,41M 10S,,,,,,,,,,,,,,
487,13,new,670,2496,2548,41M 36S,42M 28S,,,,,,,,,,,,,,
488,13,new,714,2654,2660,44M 14S,44M 20S,,,,,,,,,,,,,,
489,13,new,760,2804,2956,46M 44S,49M 16S,,,,,,,,,,,,,,
490,14,new,67,434,442,7M 14S,7M 22S,,,,,,,,,,,,,,
491,14,new,73,452,458,7M 32S,7M 38S,,,,,,,,,,,,,,
492,14,new,99,618,622,10M 18S,10M 22S,,,,,,,,,,,,,,
493,14,new,125,738,748,12M 18S,12M 28S,,,,,,,,,,,,,,
494,14,new,174,1132,1140,18M 52S,19M 0S,,,,,,,,,,,,,,
495,14,new,205,1516,1522,25M 16S,25M 22S,,,,,,,,,,,,,,
496,14,new,227,1642,1644,27M 22S,27M 24S,,,,,,,,,,,,,,
497,14,new,236,1666,1690,27M 46S,28M 10S,,,,,,,,,,,,,,
498,14,new,243,1708,1718,28M 28S,28M 38S,,,,,,,,,,,,,,
499,14,new,246,1744,1754,29M 4S,29M 14S,,,,,,,,,,,,,,
500,14,new,369,2994,3024,49M 54S,50M 24S,,,,,,,,,,,,,,
501,15,new,16,132,134,2M 12S,2M 14S,,,,,,,,,,,,,,
502,15,new,27,178,180,2M 58S,3M 0S,,,,,,,,,,,,,,
503,15,new,73,398,402,6M 38S,6M 42S,,,,,,,,,,,,,,
504,15,new,92,548,588,9M 8S,9M 48S,,,,,,,,,,,,,,
505,15,new,99,604,622,10M 4S,10M 22S,,,,,,,,,,,,,,
506,15,new,229,1334,1350,22M 14S,22M 30S,,,,,,,,,,,,,,
507,15,new,375,2326,2434,38M 46S,40M 34S,,,,,,,,,,,,,,
508,15,new,396,2470,2474,41M 10S,41M 14S,,,,,,,,,,,,,,
509,15,new,400,2486,2496,41M 26S,41M 36S,,,,,,,,,,,,,,
510,16,new,34,1716,1724,28M 36S,28M 44S,,,,,,,,,,,,,,
511,16,new,73,2204,2206,36M 44S,36M 46S,,,,,,,,,,,,,,
512,16,new,113,2414,2418,40M 14S,40M 18S,,,,,,,,,,,,,,
513,16,new,120,2462,2472,41M 2S,41M 12S,,,,,,,,,,,,,,
514,16,new,217,3198,3200,53M 18S,53M 20S,,,,,,,,,,,,,,
515,17,new,5,62,80,1M 2S,1M 20S,,,,,,,,,,,,,,
516,17,new,48,952,976,15M 52S,16M 16S,,,,,,,,,,,,,,
517,17,new,73,1476,1492,24M 36S,24M 52S,,,,,,,,,,,,,,
518,17,new,84,1578,1582,26M 18S,26M 22S,,,,,,,,,,,,,,
519,17,new,94,1728,1736,28M 48S,28M 56S,,,,,,,,,,,,,,
520,17,new,109,1944,1948,32M 24S,32M 28S,,,,,,,,,,,,,,
521,17,new,152,2166,2174,36M 6S,36M 14S,,,,,,,,,,,,,,
522,17,new,162,2196,2206,36M 36S,36M 46S,,,,,,,,,,,,,,
523,17,new,214,2890,2902,48M 10S,48M 22S,,,,,,,,,,,,,,
524,17,new,237,3240,3248,54M 0S,54M 8S,,,,,,,,,,,,,,
525,17,new,240,3252,3262,54M 12S,54M 22S,,,,,,,,,,,,,,
526,17,new,245,3326,3334,55M 26S,55M 34S,,,,,,,,,,,,,,
527,17,new,267,3516,3520,58M 36S,58M 40S,,,,,,,,,,,,,,
528,17,new,324,4002,4006,1H 6M 42S,1H 6M 46S,,,,,,,,,,,,,,
529,17,new,414,4638,4642,1H 17M 18S,1H 17M 22S,,,,,,,,,,,,,,
530,17,new,425,4674,4688,1H 17M 54S,1H 18M 8S,,,,,,,,,,,,,,
531,18,new,51,332,338,5M 32S,5M 38S,,,,,,,,,,,,,,
532,18,new,75,448,454,7M 28S,7M 34S,,,,,,,,,,,,,,
533,18,new,85,500,590,8M 20S,9M 50S,,,,,,,,,,,,,,
534,18,new,153,984,1004,16M 24S,16M 44S,,,,,,,,,,,,,,
535,18,new,206,1158,1164,19M 18S,19M 24S,,,,,,,,,,,,,,
536,18,new,232,1352,1354,22M 32S,22M 34S,,,,,,,,,,,,,,
537,18,new,235,1358,1360,22M 38S,22M 40S,,,,,,,,,,,,,,
538,18,new,242,1382,1388,23M 2S,23M 8S,,,,,,,,,,,,,,
539,18,new,319,1762,1764,29M 22S,29M 24S,,,,,,,,,,,,,,
540,18,new,332,1792,1818,29M 52S,30M 18S,,,,,,,,,,,,,,
541,18,new,370,1880,1882,31M 20S,31M 22S,,,,,,,,,,,,,,
542,18,new,378,1898,1946,31M 38S,32M 26S,,,,,,,,,,,,,,
543,18,new,408,2104,2106,35M 4S,35M 6S,,,,,,,,,,,,,,
544,18,new,421,2170,2178,36M 10S,36M 18S,,,,,,,,,,,,,,
545,18,new,530,2618,2662,43M 38S,44M 22S,,,,,,,,,,,,,,
546,18,new,538,2680,2684,44M 40S,44M 44S,,,,,,,,,,,,,,
547,18,new,602,3082,3108,51M 22S,51M 48S,,,,,,,,,,,,,,
548,18,new,621,3206,3270,53M 26S,54M 30S,,,,,,,,,,,,,,
549,18,new,649,3648,3674,1H 0M 48S,1H 1M 14S,,,,,,,,,,,,,,
550,18,new,668,3812,3874,1H 3M 32S,1H 4M 34S,,,,,,,,,,,,,,
551,18,new,729,4220,4240,1H 10M 20S,1H 10M 40S,,,,,,,,,,,,,,
552,18,new,741,4278,4298,1H 11M 18S,1H 11M 38S,,,,,,,,,,,,,,
553,18,new,752,4356,4460,1H 12M 36S,1H 14M 20S,,,,,,,,,,,,,,
554,18,new,808,4734,4740,1H 18M 54S,1H 19M 0S,,,,,,,,,,,,,,
555,19,new,34,306,356,5M 6S,5M 56S,,,,,,,,,,,,,,
556,19,new,43,364,374,6M 4S,6M 14S,,,,,,,,,,,,,,
557,19,new,66,576,586,9M 36S,9M 46S,,,,,,,,,,,,,,
558,19,new,89,736,738,12M 16S,12M 18S,,,,,,,,,,,,,,
559,19,new,105,826,846,13M 46S,14M 6S,,,,,,,,,,,,,,
560,19,new,114,926,936,15M 26S,15M 36S,,,,,,,,,,,,,,
561,19,new,117,986,1008,16M 26S,16M 48S,,,,,,,,,,,,,,
562,19,new,121,1010,1014,16M 50S,16M 54S,,,,,,,,,,,,,,
563,19,new,230,1884,1912,31M 24S,31M 52S,,,,,,,,,,,,,,
564,19,new,282,2322,2344,38M 42S,39M 4S,,,,,,,,,,,,,,
565,19,new,364,3062,3064,51M 2S,51M 4S,,,,,,,,,,,,,,
566,19,new,387,3634,3642,1H 0M 34S,1H 0M 42S,,,,,,,,,,,,,,
567,20,new,4,3548,3564,59M 8S,59M 24S,,,,,,,,,,,,,,
568,20,new,24,3610,3622,1H 0M 10S,1H 0M 22S,,,,,,,,,,,,,,
569,20,new,30,3630,3632,1H 0M 30S,1H 0M 32S,,,,,,,,,,,,,,
570,20,new,38,3662,3676,1H 1M 2S,1H 1M 16S,,,,,,,,,,,,,,
571,20,new,85,3954,3956,1H 5M 54S,1H 5M 56S,,,,,,,,,,,,,,
572,20,new,91,3966,3968,1H 6M 6S,1H 6M 8S,,,,,,,,,,,,,,
573,20,new,128,4152,4178,1H 9M 12S,1H 9M 38S,,,,,,,,,,,,,,
574,20,new,169,4508,4510,1H 15M 8S,1H 15M 10S,,,,,,,,,,,,,,
